lp_id,cmmt_in_vc_funds,total_cmmt_in_vc_funds,limited_partner_type,AUM,affliated_funds_num,affliated_investors_num,commitments,total_cmmt,hq_location,,,,,,,,,,,,,,,,
1,22,43,Foundation,"2,000.00",28,22,28,68,"Bethesda, MD",,,,,,,,,,,,,,,,
2,17,123,Foundation,"8,000.77",22,15,22,514,"Chicago, IL",,,,,,,,,,,,,,,,
3,21,49,Government Agency,"52,000.00",21,14,21,78,"Springfield, IL",,,,,,,,,,,,,,,,
4,10,178,Public Pension Fund,"280,000.00",21,15,21,1024,"Albany, NY",,,,,,,,,,,,,,,,
5,17,542,Fund of Funds,"3,019.79",20,16,21,1069,"Luxembourg, Luxembourg",,,,,,,,,,,,,,,,
6,16,147,Wealth Management Firm,"200,000.00",19,13,20,297,"Atlanta, GA",,,,,,,,,,,,,,,,
7,15,184,Corporate Pension,"1,767.68",18,9,18,495,"Durham, NC",,,,,,,,,,,,,,,,
8,18,337,Fund of Funds,"92,000.00",18,14,22,1058,"Boston, MA",,,,,,,,,,,,,,,,
9,9,144,Government Agency,"95,401.00",17,8,17,824,"Lansing, Ml",,,,,,,,,,,,,,,,
10,17,46,Foundation,56.8,17,13,17,55,"Wilmington, DE",,,,,,,,,,,,,,,,
11,15,79,Sovereign Wealth Fund,"36,356.57",16,14,16,395,"Santa Fe, NM",,,,,,,,,,,,,,,,
12,14,140,Public Pension Fund,"39,000.00",16,8,16,628,"Harrisburg, PA",,,,,,,,,,,,,,,,
13,9,243,Corporate Pension,"57,785.14",16,13,17,690,"Dallas, TX",,,,,,,,,,,,,,,,
14,13,67,Banking Institution,"2,500,000.00",15,12,15,151,"Charlotte, NC",,,,,,,,,,,,,,,,
15,14,43,Banking Institution,"4,123.37",15,13,15,52,"Montreal, Canada",,,,,,,,,,,,,,,,
16,9,306,Public Pension Fund,"475,000.00",15,13,18,1286,"Sacramento, CA",,,,,,,,,,,,,,,,
17,13,21,Other limited Partner,"3,000.00",14,13,14,23,"Montreal, Canada",,,,,,,,,,,,,,,,
18,13,24,Fund of Funds,"1,698.43",13,11,13,24,"San Francisco, CA",,,,,,,,,,,,,,,,
19,9,19,Government Agency,"11,501.37",13,12,13,35,"Ottawa, Canada",,,,,,,,,,,,,,,,
20,10,150,Corporate Pension,"54,805.00",13,11,13,665,"Armonk, NY",,,,,,,,,,,,,,,,
21,13,167,Fund of Funds,"1,907.22",13,4,13,178,"Cambridge, MA",,,,,,,,,,,,,,,,
22,11,87,Insurance Company,"6,710.76",13,6,13,224,"Boston, MA",,,,,,,,,,,,,,,,
23,11,71,Insurance Company,"3,171.80",13,6,13,158,"Boston, MA",,,,,,,,,,,,,,,,
24,11,62,Corporate Pension,"14,936.75",12,7,12,246,"Midland, Ml",,,,,,,,,,,,,,,,
25,10,51,Insurance Company,"6,320.27",12,6,12,118,"Boston, MA",,,,,,,,,,,,,,,,
26,12,18,Investment Advisor,"3,000.00",12,11,12,18,"Boulder, CO",,,,,,,,,,,,,,,,
27,8,25,Foundation,"3,622.64",12,8,12,84,Tulsa. OK,,,,,,,,,,,,,,,,
28,12,24,Fund of Funds,"2,300.00",12,8,12,48,"Tor onto, Canada",,,,,,,,,,,,,,,,
29,10,83,Insurance Company,"50,010.95",12,6,12,237,"Boston, MA",,,,,,,,,,,,,,,,
30,8,54,Public Pension Fund,"72,500.00",12,6,12,525,"Harrisburg, PA",,,,,,,,,,,,,,,,
31,11,47,Fund of Funds,"2,000.00",12,10,12,55,"Montreal, Canada",,,,,,,,,,,,,,,,
32,7,70,Corporate Pension,528.3,11,4,11,90,"Santa Clara, CA",,,,,,,,,,,,,,,,
33,6,86,Public Pension Fund,"61,000.00",11,8,11,517,"Denver, CO",,,,,,,,,,,,,,,,
34,10,36,Economic Development Age...,"15,475.91",11,10,11,46,"Montreal, Canada",,,,,,,,,,,,,,,,
35,8,117,Foundation,"17,276.62",11,5,11,217,"New York, NY",,,,,,,,,,,,,,,,
36,9,21,Investment Advisor,"3,014.10",11,6,11,29,"Pittsburgh, PA",,,,,,,,,,,,,,,,
37,4,9,Foundation,8.56,11,8,11,26,"Pittsburgh, PA",,,,,,,,,,,,,,,,
38,9,49,Insurance Company,"16,583.96",11,6,11,131,"Boston, MA",,,,,,,,,,,,,,,,
39,5,89,Foundation,"13,124.41",11,7,11,383,"Princeton, NJ",,,,,,,,,,,,,,,,
40,5,83,Public Pension Fund,"95,300.00",11,8,11,511,"Columbus, OH",,,,,,,,,,,,,,,,
41,5,30,Insurance Company,"119,385.52",11,8,11,306,"Newark, NJ",,,,,,,,,,,,,,,,
42,5,169,Endowment,"53,503.00",11,8,11,643,"Austin, TX",,,,,,,,,,,,,,,,
43,6,31,Foundation,"4,400.00",11,9,11,122,"Battle Creek, Ml",,,,,,,,,,,,,,,,
44,7,67,Corporate Pension,650.64,10,4,10,86,"Santa Clara, CA",,,,,,,,,,,,,,,,
45,10,48,Corporate Pension,,10,4,10,81,"Deerfield, IL",,,,,,,,,,,,,,,,
46,9,93,Public Pension Fund,"420,000.00",10,9,10,307,"Quebec City, Canada",,,,,,,,,,,,,,,,
47,6,69,Corporate Pension,495.63,10,3,10,94,"Spring, TX",,,,,,,,,,,,,,,,
48,6,66,Corporate Pension,"10,934.89",10,3,10,85,"Spring, TX",,,,,,,,,,,,,,,,
49,,97,Economic Development Age...,"74,071.00",10,7,10,363,"Washington, DC",,,,,,,,,,,,,,,,
50,8,63,Insurance Company,205.14,10,5,10,142,"Boston, MA",,,,,,,,,,,,,,,,
51,11,127,Public Pension Fund,"31,094.60",10,9,11,505,"Los Angeles, CA",,,,,,,,,,,,,,,,
52,5,32,Public Pension Fund,"135,730.00",10,4,10,429,"Saint Paul, MN",,,,,,,,,,,,,,,,
53,7,115,Foundation,"7,079.61",10,6,10,338,"New York, NY",,,,,,,,,,,,,,,,
54,8,12,Government Agency,"1,555.62",10,10,10,15,"Washington, DC",,,,,,,,,,,,,,,,
55,3,275,Endowment,"12,477.00",10,6,10,941,"Ann Arbor, Ml",,,,,,,,,,,,,,,,
56,12,720,Fund of Funds,"51,000.00",9,7,16,2132,"Chicago, IL",,,,,,,,,,,,,,,,
57,9,18,Corporation,150.24,9,7,9,20,"Edmonton, Canada",,,,,,,,,,,,,,,,
58,9,34,Corporate Pension,652.28,9,4,9,56,"Deerfield, IL",,,,,,,,,,,,,,,,
59,4,32,Insurance Company,"48,724.83",9,2,9,200,"New York, NY",,,,,,,,,,,,,,,,
60,9,11,Investment Advisor,"21,802.40",9,1,9,15,"Boston, MA",,,,,,,,,,,,,,,,
61,4,43,Public Pension Fund,"13,798.72",9,5,9,291,"Liverpool, United Kingdo..,",,,,,,,,,,,,,,,,
62,6,43,Public Pension Fund,"121,403.12",9,7,9,361,"Raleigh, NC",,,,,,,,,,,,,,,,
63,9,12,Economic Development Age...,,9,5,9,12,"Columbus, OH",,,,,,,,,,,,,,,,
64,6,156,Government Agency,"130,099.00",9,6,9,447,"Washington, DC",,,,,,,,,,,,,,,,
65,9,11,Banking Institution,"2,470,000.00",9,9,9,41,"New York, NY",,,,,,,,,,,,,,,,
66,9,55,Insurance Company,"15,826.18",9,2,9,138,"Horsham, PA",,,,,,,,,,,,,,,,
67,9,29,Corporate Pension,,9,4,9,88,"Little Falls, NJ",,,,,,,,,,,,,,,,
68,1,17,Fund of Funds,,8,4,8,84,"Zurich, Switzerland",,,,,,,,,,,,,,,,
69,7,16,Public Pension Fund,"1,026.56",8,5,8,62,"Pittsburgh, PA",,,,,,,,,,,,,,,,
70,8,116,Foundation,"6,797.40",8,5,8,344,"New York, NY",,,,,,,,,,,,,,,,
71,8,37,Corporation,"19,807.00",8,4,8,55,"Deerfield, IL",,,,,,,,,,,,,,,,
72,2,18,Fund of Funds,377.2,8,5,8,129,"Raleigh, NC",,,,,,,,,,,,,,,,
73,8,28,Government Agency,"3,627.27",8,7,8,34,"Montreal, Canada",,,,,,,,,,,,,,,,
74,8,18,Insurance Company,"401,100.00",8,4,8,209,"Boston, MA",,,,,,,,,,,,,,,,
75,7,16,Insurance Company,"234,000.00",8,5,8,372,"Springfield, MA",,,,,,,,,,,,,,,,
76,6,11,Insurance Company,"1,742,000.00",8,7,8,28,"Newark, NJ",,,,,,,,,,,,,,,,
77,8,159,Endowmem,"14,000.00",8,5,8,442,"Oakland, CA",,,,,,,,,,,,,,,,
78,5,45,Fund of Funds,433.81,8,6,8,so,"Ann Arbor, Ml",,,,,,,,,,,,,,,,
79,8,22,Foundation,466.87,8,4,8,47,"Midland, Ml",,,,,,,,,,,,,,,,
80,8,25,Fund of Funds,"1,300.00",8,7,8,26,"Columbus, OH",,,,,,,,,,,,,,,,
81,1,7,Government Agency,"5,877.00",8,6,8,112,"Washington, DC",,,,,,,,,,,,,,,,
82,3,3,Public Pension Fund,969.54,7,2,7,48,"Austin, TX",,,,,,,,,,,,,,,,
83,7,10,Family Office (Single),,7,6,7,12,"Saint Louis, MO",,,,,,,,,,,,,,,,
84,,2,Foundation,118.84,7,2,7,12,"Houston, TX",,,,,,,,,,,,,,,,
85,5,31,Corporate Pension,"14,095.20",7,3,7,201,"Atlanta, GA",,,,,,,,,,,,,,,,
86,1,45,Banking Institution,"123,798.44",7,7,7,209,"Luxembourg, Luxembourg",,,,,,,,,,,,,,,,
87,7,123,Fund of Funds,,7,6,7,171,"Stamford, CT",,,,,,,,,,,,,,,,
88,2,17,Banking Institution,"4,917.31",7,6,7,115,"The Hague, Netherlands",,,,,,,,,,,,,,,,
89,7,36,Fund of Funds,,7,5,7,45,"New York, NY",,,,,,,,,,,,,,,,
90,5,155,Public Pension Fund,"104,000.00",7,6,7,534,"Boston, MA",,,,,,,,,,,,,,,,
91,7,9,"Economic Development Age,.,",132.78,7,6,7,9,Lansing. Ml,,,,,,,,,,,,,,,,
92,7,19,"Economic Development Age,..",380.35,7,4,7,21,"Trenton, NJ",,,,,,,,,,,,,,,,
93,3,5,Public Pension Fund,55.41,7,4,7,13,"New Orleans, LA",,,,,,,,,,,,,,,,
94,4,20,Public Pension Fund,"87,309.00",7,7,7,377,"Brooklyn, NY",,,,,,,,,,,,,,,,
95,7,24,Secondary LP,"19,000.00",7,3,7,40,"Toromo, Canada",,,,,,,,,,,,,,,,
96,4,34,Insurance Company,"244,000.00",7,3,7,364,"Milwaukee, WI",,,,,,,,,,,,,,,,
97,6,30,Government Agency,"22,000.00",7,7,7,100,"Cleveland, OH",,,,,,,,,,,,,,,,
98,1,5,Public Pension Fund,,7,3,7,92,"Omaha, NE",,,,,,,,,,,,,,,,
99,4,20,Public Pension Fund,"101,152.00",7,7,7,359,"New York, NY",,,,,,,,,,,,,,,,
100,7,13,Direct Investment,183,7,7,7,14,"New York, NY",,,,,,,,,,,,,,,,
101,7,52,Corporate Pension,"3,144.66",7,3,7,162,"Midland, Ml",,,,,,,,,,,,,,,,
102,6,6,Family Office (Single),,6,4,6,13,"Dallas, TX",,,,,,,,,,,,,,,,
103,1,142,Corporate Pension,"20,678.93",6,3,6,547,"Basking Ridge, NJ",,,,,,,,,,,,,,,,
104,3,88,Corporate Pension,"7,617.81",6,3,6,217,"Houston, TX",,,,,,,,,,,,,,,,
105,,13,Economic Development Age...,"6,970.42",6,4,6,163,"Cologne, Germany",,,,,,,,,,,,,,,,
106,4,28,Corporate Pension,"6,050.20",6,3,6,148,"Atlanta, GA",,,,,,,,,,,,,,,,
107,1,4,Public Pension Fund,"7,542.08",6,3,6,169,"Goole, United Kingdom",,,,,,,,,,,,,,,,
108,,,Public Pension Fund,,6,3,7,11,"Sanjuan, PR",,,,,,,,,,,,,,,,
109,8,90,Public Pension Fund,"17,597.82",6,5,8,356,"Honolulu, HI",,,,,,,,,,,,,,,,
110,5,73,Fund of funds,"10,000.00",6,5,6,95,"West Hartford, CT",,,,,,,,,,,,,,,,
111,,5,Insurance Company,"13,665.59",6,1,6,85,"Whitehouse Station, NJ",,,,,,,,,,,,,,,,
112,2,48,Public Pension Fund,"6,674.92",6,4,6,273,"Greenwood Village, CO",,,,,,,,,,,,,,,,
113,5,15,Direct Investment,"1,347.98",6,6,6,21,"Montreal, Canada",,,,,,,,,,,,,,,,
114,5,46,Fund of funds,"4,500.00",6,5,6,86,"Cincinnati, OH",,,,,,,,,,,,,,,,
115,,,Public Pension Fund,,6,2,6,11,"Flint, Ml",,,,,,,,,,,,,,,,
116,4,28,Public Pension Fund,"28,957.31",6,3,6,298,"Droylsden, United Kingd...",,,,,,,,,,,,,,,,
117,5,158,Public Pension Fund,"56,806.00",6,5,6,497,"Oak Brook, IL",,,,,,,,,,,,,,,,
118,6,9,Foundation,57.19,6,5,6,13,"Oakland, CA",,,,,,,,,,,,,,,,
119,4,142,Public Pension Fund,"74,355.00",6,5,6,527,"Pasadena, CA",,,,,,,,,,,,,,,,
120,5,142,Corporate Pension,"25,028.29",6,4,6,324,"New Providence, NJ",,,,,,,,,,,,,,,,
121,5,165,Corporate Pension,"7,734.00",6,4,6,373,"Murray Hil, NJ",,,,,,,,,,,,,,,,
122,1,12,Public Pension Fund,"2,900.00",6,4,7,165,"Jefferson City, MO",,,,,,,,,,,,,,,,
123,6,23,Public Pension Fund,"121,000.00",6,5,6,54,"Toronto, Canada",,,,,,,,,,,,,,,,
124,,1,Insurance Company,"10,652.08",6,1,6,28,"Whitehouse Station, NJ",,,,,,,,,,,,,,,,
125,7,45,Money Management Firm,"127,000.00",6,5,8,257,"Zug, Switzerland",,,,,,,,,,,,,,,,
126,5,97,Public Pension Fund,"41,915.00",6,4,6,503,"Austin, TX",,,,,,,,,,,,,,,,
127,6,37,Corporate Pension,469.18,6,2,6,113,"Hartford, CT",,,,,,,,,,,,,,,,
128,6,23,Foundation,105.54,6,4,6,23,"Miami, FL",,,,,,,,,,,,,,,,
129,6,7,Wealth Management Firm,700,6,5,6,7,"El Segundo, CA",,,,,,,,,,,,,,,,
130,5,9,Direct Investment,,5,3,5,9,"Palo Alto, CA",,,,,,,,,,,,,,,,
131,2,15,Corporate Pension,,5,2,5,72,"Dallas, TX",,,,,,,,,,,,,,,,
132,,2,Corporate Pension,"2,705.23",5,3,5,100,"Saint Louis, MO",,,,,,,,,,,,,,,,
133,5,10,Fund of Funds,600,5,5,5,11,"Los Angeles, CA",,,,,,,,,,,,,,,,
134,3,63,Insurance Company,"101,585.00",5,4,5,340,"Charlot<e, NC",,,,,,,,,,,,,,,,
135,,42,Fund of Funds,"7,182.69",5,3,5,272,"London, United Kingdom",,,,,,,,,,,,,,,,
136,5,13,Direct Investment,330,5,4,5,13,"Sanjose, CA",,,,,,,,,,,,,,,,
137,6,86,Fund of Funds,"29,145.74",5,4,6,112,"Milan, Italy",,,,,,,,,,,,,,,,
138,,6,Insurance Company,"19,019.03",5,2,5,130,"Erie, PA",,,,,,,,,,,,,,,,
139,4,7,Public Pension Fund,"2,298.26",5,3,5,32,"Baton Rouge, LA",,,,,,,,,,,,,,,,
140,5,15,Insurance Company,"23,759.71",5,2,5,52,"Johnston, RI",,,,,,,,,,,,,,,,
141,3,86,Money Management Firm,"2,470,000.00",5,5,7,464,"New York, NY",,,,,,,,,,,,,,,,
142,5,15,Foundation,325.17,5,2,5,32,"Pit<sburgh, PA",,,,,,,,,,,,,,,,
143,4,81,Insurance Company,"65,857.90",5,5,5,232,"New York, NY",,,,,,,,,,,,,,,,
144,4,80,Fund of Funds,"981,000.00",5,5,5,275,"Conshohocken, PA",,,,,,,,,,,,,,,,
145,5,63,Fund of Funds,"17,454.86",5,3,5,79,"San Francisco, CA",,,,,,,,,,,,,,,,
146,1,36,Public Pension Fund,"24,796.98",5,3,5,306,"Chicago, IL",,,,,,,,,,,,,,,,
147,2,6,Banking Institution,"45,675.00",5,4,5,20,"Washington, DC",,,,,,,,,,,,,,,,
148,3,73,Foundation,"6,956.15",5,4,5,331,"Los Angeles, CA",,,,,,,,,,,,,,,,
149,2,22,Foundation,80.39,5,3,5,36,"Dallas, TX",,,,,,,,,,,,,,,,
150,4,97,Corporate Pension,"9,635.48",5,2,5,266,"Boston, MA",,,,,,,,,,,,,,,,
151,2,58,Insurance Company,"190,303.69",5,3,5,429,"New York, NY",,,,,,,,,,,,,,,,
152,5,75,Insurance Company,"24,717.17",5,4,5,203,"Saint Paul, MN",,,,,,,,,,,,,,,,
153,5,23,Insurance Company,"5,339.10",5,2,5,41,"Syracuse, NY",,,,,,,,,,,,,,,,
154,4,36,Insurance Company,"7,854.25",5,3,5,190,"Hartford, CT",,,,,,,,,,,,,,,,
155,2,12,Public Pension Fund,"90,700.00",5,4,5,369,"Trenton, NJ",,,,,,,,,,,,,,,,
156,3,15,Public Pension Fund,"8,713.00",5,5,5,304,"New York, NY",,,,,,,,,,,,,,,,
157,2,19,Public Pension Fund,"19,139.00",5,5,5,367,"New York, NY",,,,,,,,,,,,,,,,
158,2,21,Public Pension Fund,"51,609.00",5,5,5,392,"New York, NY",,,,,,,,,,,,,,,,
159,,38,Public Pension Fund,"146,100.00",5,3,5,532,"Albany, NY",,,,,,,,,,,,,,,,
160,5,47,Corporate Pension,"8,955.10",5,3,5,257,"Falls Church, VA",,,,,,,,,,,,,,,,
161,5,46,Corporate Pension,"21,858.52",5,3,5,200,"Falls Church, VA",,,,,,,,,,,,,,,,
162,5,5,Foundation,"3,201.68",5,4,5,7,"Portland, OR",,,,,,,,,,,,,,,,
163,5,30,Public Pension Fund,"2,800.00",5,3,5,187,"Salem, OR",,,,,,,,,,,,,,,,
164,5,5,Insurance Company,"1,731.90",5,1,5,5,"Omaha, NE",,,,,,,,,,,,,,,,
165,5,5,Insurance Company,"2,672.36",5,1,5,5,"Omaha, NE",,,,,,,,,,,,,,,,
166,5,32,Endowment,"37,200.00",5,4,5,64,"Princeton, NJ",,,,,,,,,,,,,,,,
167,3,3,Direct Investment,,5,3,5,8,"Brooklyn, NY",,,,,,,,,,,,,,,,
168,4,9,Banking Institution,"807,245.69",5,5,5,11,"Toromo, Canada",,,,,,,,,,,,,,,,
169,2,6,Foundation,249.18,5,3,5,17,"Flint, Ml",,,,,,,,,,,,,,,,
170,3,39,Public Pension Fund,"165,700.00",5,5,5,654,"Madison, WI",,,,,,,,,,,,,,,,
171,4,40,Foundation,961.21,5,4,5,154,"New York, NY",,,,,,,,,,,,,,,,
172,1,12,Public Pension Fund,"27,000.00",5,2,5,327,"Baton Rouge, LA",,,,,,,,,,,,,,,,
173,3,32,Foundation,649.01,5,4,5,122,"Palo Alto, CA",,,,,,,,,,,,,,,,
174,5,79,Fund of Funds,"1,573.53",5,3,5,309,"Boston, MA",,,,,,,,,,,,,,,,
175,5,19,Fund of Funds,0.26,5,5,5,27,"Salt lake City, UT",,,,,,,,,,,,,,,,
176,2,25,Corporate Pension,835.28,5,3,5,41,"Birmingham, AL",,,,,,,,,,,,,,,,
177,4,6,Foundation,27.07,5,2,5,10,"Bedford Hills, NY",,,,,,,,,,,,,,,,
178,2,54,Public Pension Fund,"24,545.68",5,3,5,312,"Wolverhampton, United ...",,,,,,,,,,,,,,,,
179,4,29,Corporate Pension,"17,979.68",4,3,4,214,"Saint Paul, MN",,,,,,,,,,,,,,,,
180,,,Corporate Pension,75.19,4,1,4,11,"Dallas, TX",,,,,,,,,,,,,,,,
181,1,34,Public Pension Fund,"52,394.83",4,3,4,218,"Stockholm, Sweden",,,,,,,,,,,,,,,,
182,3,3,Corporation,"190,516.00",4,3,4,5,"Cupertino, CA",,,,,,,,,,,,,,,,
183,4,7,Economic Development Age...,319.64,4,4,4,9,"little Rock, AR",,,,,,,,,,,,,,,,
184,1,31,Public Pension Fund,"21,200.00",4,3,4,238,"little Rock, AR",,,,,,,,,,,,,,,,
185,,,Insurance Company,,4,1,4,5,"Sarasota, Fl",,,,,,,,,,,,,,,,
186,4,12,Insurance Company,"6,955.83",4,3,4,26,"Durham, NC",,,,,,,,,,,,,,,,
187,4,5,Direct Investment,,4,2,4,5,"San Francisco, CA",,,,,,,,,,,,,,,,
188,,,Public Pension Fund,129.5,4,2,4,12,"Shelby, Ml",,,,,,,,,,,,,,,,
189,4,25,Fund of Funds,140.28,4,4,4,26,"Cincinnati, OH",,,,,,,,,,,,,,,,
190,3,12,Public Pension Fund,"2,917.42",4,3,5,182,"Flintshire, United Kingdo...",,,,,,,,,,,,,,,,
191,4,4,Corporation,,4,2,4,4,"Atlanta, GA",,,,,,,,,,,,,,,,
192,4,41,Endowment,"8,500.00",4,2,4,54,"Durham, NC",,,,,,,,,,,,,,,,
193,1,5,Economic Development Age...,793.45,4,3,4,51,"Helsinki, Finland",,,,,,,,,,,,,,,,
194,1,39,Public Pension Fund,"251,678.91",4,3,4,595,"Tallahassee, FL",,,,,,,,,,,,,,,,
195,1,3,Fund of Funds,627.6,4,2,4,10,"Benito Juarez, Mexico",,,,,,,,,,,,,,,,
196,2,43,Corporate Pension,"51,564.66",4,4,4,411,"Boston, MA",,,,,,,,,,,,,,,,
197,4,38,Corporate Pension,444.68,4,2,4,202,"Minneapolis, MN",,,,,,,,,,,,,,,,
198,3,29,Fund of Funds,"22,000.00",4,4,4,31,"Owings Mills, MD",,,,,,,,,,,,,,,,
199,4,4,Investment Advisor,282.07,4,2,4,9,Reno. NV,,,,,,,,,,,,,,,,
200,3,31,Fund of Funds,761,4,3,4,63,"San Francisco, CA",,,,,,,,,,,,,,,,
201,3,153,Corporate Pension,"11,777.65",4,3,4,367,"Spring, TX",,,,,,,,,,,,,,,,
202,4,22,Corporate Pension,"8,853.60",4,1,4,66,"Moline, IL",,,,,,,,,,,,,,,,
203,4,5,Insurance Company,,4,1,4,14,"Boston, MA",,,,,,,,,,,,,,,,
204,3,91,Foundation,"2,095.41",4,3,4,273,"Miami, FL",,,,,,,,,,,,,,,,
205,4,8,Direct Investment,"11,084.69",4,4,4,8,"Menlo Park, CA",,,,,,,,,,,,,,,,
206,4,4,Corporation,,4,3,4,4,"Atlanta, GA",,,,,,,,,,,,,,,,
207,1,37,Public Pension Fund,"68,500.00",4,4,4,435,"Baltimore, MO",,,,,,,,,,,,,,,,
208,3,6,Corporation,"132,363.00",4,3,4,8,"Redmond, WA",,,,,,,,,,,,,,,,
209,1,3,Banking Institution,"1,600,000.00",4,3,4,11,"New York, NY",,,,,,,,,,,,,,,,
210,4,4,Private Investment Fund,,4,2,4,4,"Santa Monica, CA",,,,,,,,,,,,,,,,
211,2,3,Insurance Company,"7,847.64",4,3,4,80,"Montpelier, VT",,,,,,,,,,,,,,,,
212,1,4,Public Pension Fund,"33,978.59",4,3,4,125,"Lincoln, NE",,,,,,,,,,,,,,,,
213,4,8,Direct Investment,"25,000.00",4,3,4,10,"Lutherville-Timonium, MO",,,,,,,,,,,,,,,,
214,4,29,Public Pension Fund,"270,690.00",4,4,5,221,"New York, NY",,,,,,,,,,,,,,,,
215,2,18,Insurance Company,"572,000.00",4,3,4,353,"New York, NY",,,,,,,,,,,,,,,,
216,4,5,"Economic Development Age,.,",,4,4,4,6,"Salem, OR",,,,,,,,,,,,,,,,
217,2,65,Public Pension Fund,"101,329.64",4,3,4,629,"Tigard, OR",,,,,,,,,,,,,,,,
218,,,Corporate Pension,397.03,4,1,4,4,"Houston, TX",,,,,,,,,,,,,,,,
219,2,21,Insurance Company,"77,969.41",4,3,4,174,"Newport Beach, CA",,,,,,,,,,,,,,,,
220,4,10,Corporation,"19,363.00",4,4,4,12,"Sanjose, CA",,,,,,,,,,,,,,,,
221,4,6,"Economic Development Age,..","1,600.00",4,3,4,6,"Harrisburg, PA",,,,,,,,,,,,,,,,
222,,,Corporate Pension,,4,1,4,33,"Dallas, TX",,,,,,,,,,,,,,,,
223,4,11,Corporation,"181,476.00",4,2,4,13,"New York, NY",,,,,,,,,,,,,,,,
224,1,4,Fund of Funds,"148,700.00",4,4,4,84,"New York, NY",,,,,,,,,,,,,,,,
225,4,7,Direct Investment,42.5,4,4,4,7,"San Francisco, CA",,,,,,,,,,,,,,,,
226,4,5,Direct Investment,,4,3,4,18,"Cleveland, OH",,,,,,,,,,,,,,,,
227,4,5,Corporate Pension,"3,651.97",4,2,4,11,"Allentown, PA",,,,,,,,,,,,,,,,
228,1,13,Fund of Funds,"5,939.13",4,4,4,79,"Paris, France",,,,,,,,,,,,,,,,
229,4,10,Private Investment Fund,,4,5,4,10,"Hinsdale, IL",,,,,,,,,,,,,,,,
230,1,10,Foundation,72.06,4,3,4,64,"Pewaukee, WI",,,,,,,,,,,,,,,,
231,1,10,Foundation,"1,440.52",4,4,4,64,"New York, NY",,,,,,,,,,,,,,,,
232,4,6,Foundation,80.36,4,4,4,14,"Pittsburgh, PA",,,,,,,,,,,,,,,,
233,4,24,Fund of Funds,"2,199.68",4,3,4,84,"Oberhaching, Germany",,,,,,,,,,,,,,,,
234,4,4,Fund of Funds,300,4,1,4,4,"Woodside, CA",,,,,,,,,,,,,,,,
235,,,Insurance Company,,4,1,4,4,"Austin, TX",,,,,,,,,,,,,,,,
236,,,Insurance Company,294.36,4,1,4,4,"Austin, TX",,,,,,,,,,,,,,,,
237,4,6,Fund of Funds,,4,2,4,6,"Los Angeles, CA",,,,,,,,,,,,,,,,
238,4,10,Foundation,157.2,4,4,4,10,"Salt Lake City, UT",,,,,,,,,,,,,,,,
239,,19,Public Pension Fund,"13,930.13",4,2,4,212,"Barnsley, United Kingdom",,,,,,,,,,,,,,,,
240,1,53,Public Pension Fund,"63,900.00",4,2,4,511,"Springfield, IL",,,,,,,,,,,,,,,,
241,4,8,Foundation,"2,829.10",4,3,4,32,"Cleveland, OH",,,,,,,,,,,,,,,,
242,,,Corporate Pension,624.67,4,2,4,118,"Jacksonville, FL",,,,,,,,,,,,,,,,
243,4,7,Endowment,"6,800.00",4,1,4,18,"Columbus, OH",,,,,,,,,,,,,,,,
244,4,32,Corporate Pension,"15,574.35",4,3,4,160,"Burbank, CA",,,,,,,,,,,,,,,,
245,3,10,Insurance Company,"10,613.69",4,3,4,75,"Cincinnati, OH",,,,,,,,,,,,,,,,
246,4,13,Foundation,310.79,4,2,4,52,"Tulsa, OK",,,,,,,,,,,,,,,,
247,4,9,Fund of Funds,"6,500.00",4,3,4,9,"San Francisco, CA",,,,,,,,,,,,,,,,
248,3,45,Insurance Company,"20,699.61",4,4,4,187,"Hartford, CT",,,,,,,,,,,,,,,,
249,,2,Insurance Company,"2,677.40",4,2,4,80,"Jacksonville, FL",,,,,,,,,,,,,,,,
250,4,8,Direct Investment,"3,000.00",4,3,4,10,"Herzilyah Pituach, Israel",,,,,,,,,,,,,,,,
251,,10,Public Pension Fund,"17,388.78",4,2,4,171,"Bradford, United Kingdom",,,,,,,,,,,,,,,,
252,,15,Secondary LP,24.42,3,1,3,72,"Rye Brook, NY",,,,,,,,,,,,,,,,
253,3,9,Insurance Company,"13,883.52",3,1,3,85,"Hartford, CT",,,,,,,,,,,,,,,,
254,3,6,Money Management Firm,"739,000.00",3,2,3,9,"Nashville, TN",,,,,,,,,,,,,,,,
255,3,8,Insurance Company,"108,078.86",3,3,3,18,"Minneapolis, MN",,,,,,,,,,,,,,,,
256,,11,Insurance Company,"48,171.54",3,3,3,279,"Northbrook, IL",,,,,,,,,,,,,,,,
257,3,10,Family Office (Single),,3,3,3,11,"London, United Kingdom",,,,,,,,,,,,,,,,
258,1,11,Economic Development Age...,"68,619.00",3,2,3,63,"Mandaluyong City, Philip...",,,,,,,,,,,,,,,,
259,,,Insurance Company,,3,1,3,21,Lansing. Ml,,,,,,,,,,,,,,,,
260,3,3,Corporation,"8,531.00",3,3,3,3,San Rafael. CA,,,,,,,,,,,,,,,,
261,,2,Corporate Pension,"25,816.74",3,2,3,20,"Farnborough, United Kin,.,",,,,,,,,,,,,,,,,
262,2,4,Banking Institution,563.6,3,3,3,11,"Bogota, Colombia",,,,,,,,,,,,,,,,
263,3,18,Corporate Pension,"1,976.00",3,2,3,35,"Deerfield, IL",,,,,,,,,,,,,,,,
264,3,4,High-net-worth investor,,3,3,3,4,"Boulder, CO",,,,,,,,,,,,,,,,
265,,,Foundation,42.13,3,1,3,14,Palm Beach. FL,,,,,,,,,,,,,,,,
266,3,3,Endowment,"2,004.37",3,3,3,4,Cleveland. OH,,,,,,,,,,,,,,,,
267,,6,Foundation,"2,155.63",3,1,3,73,"Seattle, WA",,,,,,,,,,,,,,,,
268,3,3,Other limited Partner,,3,2,3,9,"Montreal, Canada",,,,,,,,,,,,,,,,
269,1,4,Family Office (Single),,3,3,3,10,"London, United Kingdom",,,,,,,,,,,,,,,,
270,1,49,Foundation,43.17,3,3,3,131,"Grand Rapids, MN",,,,,,,,,,,,,,,,
271,,,Public Pension Fund,104.38,3,1,3,14,Clinton Township. Ml,,,,,,,,,,,,,,,,
272,3,3,Foundation,"1,058.74",3,2,3,3,"Cincinnati, OH",,,,,,,,,,,,,,,,
273,,,Public Pension Fund,105.14,3,1,4,12,"Southfield, MI",,,,,,,,,,,,,,,,
274,3,10,Foundation,494.15,3,1,3,35,"Pittsburgh, PA",,,,,,,,,,,,,,,,
275,3,48,Fund of Funds,44,3,1,3,298,,,,,,,,,,,,,,,,,
276,3,59,Corporate Pension,"3,574.36",3,1,3,133,"Corning, NY",,,,,,,,,,,,,,,,
277,2,25,Banking Institution,"1,770,000.00",3,3,3,59,"Zurich, Switzerland",,,,,,,,,,,,,,,,
278,1,4,Foundation,44.45,3,2,3,20,"Seattle, WA",,,,,,,,,,,,,,,,
279,,,Foundation,"1,637.34",3,2,3,56,"Denver, CO",,,,,,,,,,,,,,,,
280,3,3,Foundation,73.94,3,1,3,19,"Holland, Ml",,,,,,,,,,,,,,,,
281,3,3,Foundation,207.05,3,2,3,18,"Cleveland, OH",,,,,,,,,,,,,,,,
282,3,4,High-net-worth investor,,3,2,3,4,,,,,,,,,,,,,,,,,
283,1,4,Corporate Pension,"8,305.05",3,2,3,35,"Charlot<e, NC",,,,,,,,,,,,,,,,
284,3,10,Corporation,"7,175.80",3,3,3,11,"Indianapolis, IN",,,,,,,,,,,,,,,,
285,1,11,Corporate Pension,"5,411.57",3,2,3,221,"Auburn Hills, Ml",,,,,,,,,,,,,,,,
286,3,32,Corporate Pension,"48,671.90",3,2,3,250,"Dearborn, Ml",,,,,,,,,,,,,,,,
287,6,39,Corporate Pension,"1,823.73",3,2,6,172,"Dearborn, Ml",,,,,,,,,,,,,,,,
288,3,3,Foundation,140.75,3,2,3,7,"Akron, OH",,,,,,,,,,,,,,,,
289,,,Foundation,80.16,3,2,3,26,"Berkeley, CA",,,,,,,,,,,,,,,,
290,3,6,Endowment,"2,452.25",3,2,3,8,"Atlanta, GA",,,,,,,,,,,,,,,,
291,3,4,Government Agency,"1,726.62",3,3,3,4,"Halifax, Canada",,,,,,,,,,,,,,,,
292,3,29,Sovereign Wealth Fund,"744,000.00",3,3,3,92,"Singapore, Singapore",,,,,,,,,,,,,,,,
293,1,11,Corporate Pension,"1,813.06",3,2,4,81,"New Britain, CT",,,,,,,,,,,,,,,,
294,3,29,Endowment,"53,200.00",3,2,3,61,"Boston, MA",,,,,,,,,,,,,,,,
295,2,2,Corporation,"42,485.01",3,2,3,3,"New Taipei City, Taiwan",,,,,,,,,,,,,,,,
296,3,3,Direct Investment,,3,3,3,3,"Springfield, IL",,,,,,,,,,,,,,,,
297,2,11,Foundation,301.63,3,3,3,58,Oklahoma City. OK,,,,,,,,,,,,,,,,
298,,37,Public Pension Fund,"30,657.83",3,2,3,416,"Indianapolis, IN",,,,,,,,,,,,,,,,
299,3,3,Fund of funds,,3,3,3,3,"Atlanta, GA",,,,,,,,,,,,,,,,
300,2,76,Public Pension Fund,"43,000.00",3,3,3,278,"Des Moines, IA",,,,,,,,,,,,,,,,
301,,1,Foundation,363.3,3,1,3,20,"Council Bluffs, IA",,,,,,,,,,,,,,,,
302,,2,Insurance Company,"316,000.00",3,1,3,198,"Lansing, Ml",,,,,,,,,,,,,,,,
303,3,3,Direct Investment,,3,3,3,3,"Oakland, CA",,,,,,,,,,,,,,,,
304,,14,Public Pension Fund,"14,846.14",3,3,3,127,"Frankfort, KY",,,,,,,,,,,,,,,,
305,,7,Corporate Pension,"8,358.52",3,2,3,84,"Melbourne, FL",,,,,,,,,,,,,,,,
306,2,29,Public Pension Fund,"9,783.80",3,2,3,214,"Preston, United Kingdom",,,,,,,,,,,,,,,,
307,,3,Foundation,64.46,3,2,3,15,"Portland, ME",,,,,,,,,,,,,,,,
308,3,63,Public Pension Fund,"24,125.00",3,3,3,434,"Los Angeles, CA",,,,,,,,,,,,,,,,
309,3,6,Direct Investment,642.4,3,2,3,6,"Kuala Lumpur, Malaysia",,,,,,,,,,,,,,,,
310,1,4,Corporate Pension,367.49,3,2,3,29,"Livonia, Ml",,,,,,,,,,,,,,,,
311,3,6,Foundation,88.74,3,3,3,34,"Santa Fe, NM",,,,,,,,,,,,,,,,
312,3,3,Other Limited Partner,,3,1,3,3,San Rafael. CA,,,,,,,,,,,,,,,,
313,3,34,Foundation,713.17,3,2,3,85,"Portland, OR",,,,,,,,,,,,,,,,
314,3,33,Corporation,"25,000.00",3,1,3,55,"Cambridge, MA",,,,,,,,,,,,,,,,
315,3,21,Direct Investment,"1,774.12",3,3,3,21,"London, United Kingdom",,,,,,,,,,,,,,,,
316,4,45,Public Pension Fund,"14,700.00",3,1,4,337,Helena. MT,,,,,,,,,,,,,,,,
317,,14,Public Pension Fund,"5,285.20",3,2,3,144,Rockville. MD,,,,,,,,,,,,,,,,
318,2,2,Economic Development Age...,15.79,3,2,3,3,"Mexico City, Mexico",,,,,,,,,,,,,,,,
319,1,2,Corporation,"24,373.26",3,2,3,4,"Vevey, Switzerland",,,,,,,,,,,,,,,,
320,,24,Public Pension Fund,"16,000.00",3,1,3,245,"Santa Fe, NM",,,,,,,,,,,,,,,,
321,,,Wealth Management Firm,98,3,2,3,3,"Manchester-by-the-Sea, ...",,,,,,,,,,,,,,,,
322,3,7,Endowment,"1,469.24",3,2,3,10,"Boston, MA",,,,,,,,,,,,,,,,
323,3,13,Insurance Company,"5,655.36",3,1,3,61,"Wilmington, DE",,,,,,,,,,,,,,,,
324,3,4,Economic Development Age...,185.5,3,2,3,4,"Salem, OR",,,,,,,,,,,,,,,,
325,4,82,Fund of Funds,"77,000.00",3,2,4,333,"London, United Kingdom",,,,,,,,,,,,,,,,
326,3,32,Fund of Funds,"1,115.19",3,3,3,44,"Boston, MA",,,,,,,,,,,,,,,,
327,3,89,Fund of Funds,706.81,3,3,3,363,"Saint Peter Port, United ...",,,,,,,,,,,,,,,,
328,3,6,Family Office (Single),,3,2,3,6,"Seattle, WA",,,,,,,,,,,,,,,,
329,3,3,Private Investment Fund,,3,1,3,3,"New York, NY",,,,,,,,,,,,,,,,
330,3,56,Fund of Funds,850.87,3,3,3,276,"Saint Peter Port, United ..,",,,,,,,,,,,,,,,,
331,4,79,Fund of Funds,348.21,3,2,4,179,"Zug, Switzerland",,,,,,,,,,,,,,,,
332,,1,Corporate Pension,,3,1,3,26,"Charlot<e, NC",,,,,,,,,,,,,,,,
333,2,8,Foundation,70.65,3,3,3,21,"New York, NY",,,,,,,,,,,,,,,,
334,3,78,Foundation,"3,333.79",3,3,3,219,"Pit<sburgh, PA",,,,,,,,,,,,,,,,
335,2,17,Foundation,314.8,3,2,3,83,"Indianapolis, IN",,,,,,,,,,,,,,,,
336,3,26,Corporation,"19,725.62",3,2,3,26,"Walldorf, Germany",,,,,,,,,,,,,,,,
337,3,13,Direct Investment,"80,000.00",3,3,3,13,"Menlo Park, CA",,,,,,,,,,,,,,,,
338,3,10,Public Pension Fund,"1,178.73",3,1,3,21,"Memphis, TN",,,,,,,,,,,,,,,,
339,3,52,Corporate Pension,956.71,3,2,3,184,"Chicago, IL",,,,,,,,,,,,,,,,
340,3,14,Foundation,383.87,3,2,3,27,"Mountain View, CA",,,,,,,,,,,,,,,,
341,3,10,Direct Investment,100,3,2,3,10,"Brussels, Belgium",,,,,,,,,,,,,,,,
342,,20,Fund of Funds,230,3,3,3,182,"Zug, Switzerland",,,,,,,,,,,,,,,,
343,3,27,Endowment,"37,800.00",3,1,3,43,"Stanford, CA",,,,,,,,,,,,,,,,
344,3,10,Public Pension Fund,"100,565.00",3,3,3,42,"East Lansing, Ml",,,,,,,,,,,,,,,,
345,3,126,Public Pension Fund,"23,136.96",3,2,3,394,"Champaign, IL",,,,,,,,,,,,,,,,
346,,2,Foundation,,3,1,3,16,"Austin, TX",,,,,,,,,,,,,,,,
347,1,2,Corporation,"120,000.00",3,2,3,4,"Calgary, Canada",,,,,,,,,,,,,,,,
348,,9,Insurance Company,,3,1,3,112,"Windsor, CT",,,,,,,,,,,,,,,,
349,,11,Endowment,"1,219.86",3,3,3,101,"Austin, TX",,,,,,,,,,,,,,,,
350,3,4,Foundation,69.8,3,3,3,8,"Baltimore, MD",,,,,,,,,,,,,,,,
351,3,33,Foundation,"4,650.48",3,1,3,51,"Charlot<e, NC",,,,,,,,,,,,,,,,
352,1,4,Foundation,331.4,3,2,3,9,"New York, NY",,,,,,,,,,,,,,,,
353,1,1,Foundation,41.68,3,1,3,5,"Dallas, TX",,,,,,,,,,,,,,,,
354,3,41,Fund of Funds,"43,500.00",3,2,3,88,"Philadelphia, PA",,,,,,,,,,,,,,,,
355,3,3,Foundation,823.06,3,2,3,3,"Cincinnati, OH",,,,,,,,,,,,,,,,
356,1,4,Foundation,62.38,3,2,3,15,"Flint, Ml",,,,,,,,,,,,,,,,
357,3,64,Foundation,"3,589.35",3,2,3,135,"San Francisco, CA",,,,,,,,,,,,,,,,
358,,2,Foundation,222.88,3,1,3,14,"Abilene, TX",,,,,,,,,,,,,,,,
359,3,3,Foundation,26.12,3,3,3,13,"Springfield, OH",,,,,,,,,,,,,,,,
360,3,6,Insurance Company,"65,208.35",3,1,3,76,"Cedar Rapids, IA",,,,,,,,,,,,,,,,
361,2,15,Endowment,"3,351.49",3,3,3,27,"Richmond, VA",,,,,,,,,,,,,,,,
362,2,3,Corporation,"19,677.35",3,3,3,4,"Victoria, Canada",,,,,,,,,,,,,,,,
363,1,11,Insurance Company,"3,288.95",3,2,3,129,"Turku, Finland",,,,,,,,,,,,,,,,
364,3,3,Corporation,,3,1,3,3,"Basking Ridge, NJ",,,,,,,,,,,,,,,,
365,3,3,Foundation,377.06,3,1,3,6,"Middlebury, VT",,,,,,,,,,,,,,,,
366,3,3,Wealth Management Firm,"15,364.06",3,3,3,5,"Fredericton, Canada",,,,,,,,,,,,,,,,
367,3,16,Foundation,89.09,3,2,3,46,"Chicago, IL",,,,,,,,,,,,,,,,
368,3,10,Foundation,313.49,3,2,3,19,"San Francisco, CA",,,,,,,,,,,,,,,,
369,3,9,Foundation,352.57,3,1,3,29,"New York, NY",,,,,,,,,,,,,,,,
370,3,32,Endowment,"31,201.70",3,1,3,69,"New Haven, CT",,,,,,,,,,,,,,,,
371,2,6,Corporation,"5,500.00",2,1,2,13,"Saint Paul, MN",,,,,,,,,,,,,,,,
372,2,2,Investment Advisor,"11,300.00",2,2,2,3,"Chicago, IL",,,,,,,,,,,,,,,,
373,,,Fund of Funds,567.82,2,1,2,40,"New York, NY",,,,,,,,,,,,,,,,
374,2,4,Direct Investment,3.94,2,2,2,4,"Bangalore, India",,,,,,,,,,,,,,,,
375,2,47,Fund of Funds,"11,495.51",2,2,2,141,"New York, NY",,,,,,,,,,,,,,,,
376,,,Corporate Pension,"6,293.65",2,1,2,47,"Green Oaks, IL",,,,,,,,,,,,,,,,
377,2,6,Fund of Funds,"3,600.00",2,2,2,7,"Washington, DC",,,,,,,,,,,,,,,,
378,,6,Banking Institution,18.73,2,2,2,67,"Abidjan, Ivory Coast",,,,,,,,,,,,,,,,
379,2,3,Corporation,"22,477.20",2,1,2,3,"Tokyo, Japan",,,,,,,,,,,,,,,,
380,2,95,Endowment,"84,747.16",2,1,2,545,"Juneau, AK",,,,,,,,,,,,,,,,
381,1,168,Public Pension Fund,"42,665.15",2,2,2,670,"Juneau, AK",,,,,,,,,,,,,,,,
382,2,4,Direct Investment,"2,000.00",2,2,2,4,"Pasadena, CA",,,,,,,,,,,,,,,,
383,2,4,Insurance Company,"7,426.79",2,2,2,11,"Chicago, IL",,,,,,,,,,,,,,,,
384,,6,Insurance Company,"23,898.78",2,2,2,234,"Northbrook, IL",,,,,,,,,,,,,,,,
385,,3,Corporate Pension,"2,343.53",2,1,2,35,"Reykjavik, Iceland",,,,,,,,,,,,,,,,
386,2,10,Corporation,"169,198.00",2,2,2,11,"Mountain View, CA",,,,,,,,,,,,,,,,
387,2,5,Money Management Firm,,2,1,2,6,"Sunnyvale, CA",,,,,,,,,,,,,,,,
388,2,2,Foundation,0.47,2,1,2,2,"New York, NY",,,,,,,,,,,,,,,,
389,2,10,Corporate Pension,"4,812.76",2,2,2,113,"New York, NY",,,,,,,,,,,,,,,,
390,2,7,Direct Investment,"54,600.00",2,2,2,7,"Menlo Park, CA",,,,,,,,,,,,,,,,
391,2,2,High-net-worth investor,,2,1,2,2,"Seattle, WA",,,,,,,,,,,,,,,,
392,2,2,Banking Institution,"56,600.00",2,2,2,2,"Edmonton, Canada",,,,,,,,,,,,,,,,
393,2,2,Corporation,,2,1,2,2,"Newark, NJ",,,,,,,,,,,,,,,,
394,2,3,Fund of Funds,31.5,2,2,2,3,"Madison, WI",,,,,,,,,,,,,,,,
395,,2,Corporate Pension,,2,1,2,29,"Farnborough, United Kin,.,",,,,,,,,,,,,,,,,
396,2,4,Banking Institution,"1,099,593.44",2,2,2,12,"London, United Kingdom",,,,,,,,,,,,,,,,
397,2,2,High-net-worth investor,,2,1,2,2,"Beverly Hills, CA",,,,,,,,,,,,,,,,
398,2,14,Direct Investment,250,2,1,2,15,"Ludwigshafen, Germany",,,,,,,,,,,,,,,,
399,2,3,Corporation,854.96,2,1,2,3,"Zwevegem, Belgium",,,,,,,,,,,,,,,,
400,,6,Economic Development Age...,"1,099.84",2,2,2,53,"Brussels, Belgium",,,,,,,,,,,,,,,,
401,2,2,Direct Investment,62.55,2,1,2,2,"Philadelphia, PA",,,,,,,,,,,,,,,,
402,2,2,Foundation,5.74,2,1,2,2,"Minneapolis, MN",,,,,,,,,,,,,,,,
403,2,4,Direct Investment,"9,971.00",2,2,2,4,"Redwood City, CA",,,,,,,,,,,,,,,,
404,2,10,Banking Institution,"988,000.00",2,2,2,15,"Toromo, Canada",,,,,,,,,,,,,,,,
405,2,146,Sovereign Wealth Fund,"43,785.71",2,2,2,268,"Maisons-AJfort, France",,,,,,,,,,,,,,,,
406,2,3,Direct Investment,12,2,1,2,3,"Menlo Park, CA",,,,,,,,,,,,,,,,
407,2,2,High-net-worth investor,,2,1,2,2,"Hoboken, NJ",,,,,,,,,,,,,,,,
408,2,12,Corporate Pension,755.09,2,1,2,36,"Wauwatosa, WI",,,,,,,,,,,,,,,,
409,2,28,Money Management Firm,"200,000.00",2,1,2,219,"Victoria, Canada",,,,,,,,,,,,,,,,
410,,,Corporate Pension,"16,208.26",2,1,2,2,"Glasgow, United Kingdom",,,,,,,,,,,,,,,,
411,1,4,Insurance Company,"5,595.78",2,2,2,87,"Springfield, MA",,,,,,,,,,,,,,,,
412,1,104,Public Pension Fund,"319,800.00",2,2,2,832,"West Sacramento, CA",,,,,,,,,,,,,,,,
413,1,1,Foundation,675.6,2,2,2,10,"Bethesda, MD",,,,,,,,,,,,,,,,
414,2,6,Money Management Firm,"351,000.00",2,2,2,8,"Boston, MA",,,,,,,,,,,,,,,,
415,2,2,Corporation,"12,498.00",2,1,2,2,"Camden, NJ",,,,,,,,,,,,,,,,
416,2,2,Investment Advisor,"5,139.51",2,1,2,2,"Newport Beach, CA",,,,,,,,,,,,,,,,
417,,,Money Management Firm,"10,000.00",2,2,2,3,"Palo Alto, CA",,,,,,,,,,,,,,,,
418,2,8,Endowment,"2,002.30",2,2,2,12,"Pittsburgh, PA",,,,,,,,,,,,,,,,
419,2,6,Corporate Pension,293.73,2,1,2,27,"Richmond, VA",,,,,,,,,,,,,,,,
420,,,Union Pension Fund,397.02,2,2,2,12,"Goodlettsville, TN",,,,,,,,,,,,,,,,
421,2,2,Corporation,,2,2,2,2,"Newport, KY",,,,,,,,,,,,,,,,
422,,,Corporation,"71,101.50",2,1,2,2,"Calgary, Canada",,,,,,,,,,,,,,,,
423,2,28,Foundation,"3,174.77",2,2,2,87,"Flint, Ml",,,,,,,,,,,,,,,,
424,2,36,Corporate Pension,724.51,2,1,2,67,"Boston, MA",,,,,,,,,,,,,,,,
425,2,3,Foundation,17.76,2,2,2,15,"Chattanooga, TN",,,,,,,,,,,,,,,,
426,2,5,High-net-worth investor,,2,2,2,5,"Menlo Park, CA",,,,,,,,,,,,,,,,
427,2,7,Fund of Funds,,2,2,2,12,"Oklahoma City, OK",,,,,,,,,,,,,,,,
428,,1,Banking Institution,100,2,1,2,6,"New York, NY",,,,,,,,,,,,,,,,
429,1,33,Corporate Pension,"13,489.36",2,2,2,248,"Stamford, CT",,,,,,,,,,,,,,,,
430,,7,Public Pension Fund,"11,414.99",2,1,2,138,"Edinburgh, United Kingd...",,,,,,,,,,,,,,,,
431,2,5,Public Pension Fund,461.57,2,2,2,16,"Grand Rapids, Ml",,,,,,,,,,,,,,,,
432,,,Public Pension Fund,"3,057.73",2,2,2,26,"Phoenix,Af",,,,,,,,,,,,,,,,
433,2,2,Government Agency,"2,882.20",2,1,2,2,"Portland, OR",,,,,,,,,,,,,,,,
434,2,16,Foundation,63.57,2,1,2,35,"San Francisco, CA",,,,,,,,,,,,,,,,
435,2,21,Foundation,382.08,2,2,2,118,"Pittsburgh, PA",,,,,,,,,,,,,,,,
436,,,Union Pension Fund,371.98,2,1,2,10,"Valley View, OH",,,,,,,,,,,,,,,,
437,2,20,Investment Advisor,0.46,2,1,2,75,"Wynnewood, PA",,,,,,,,,,,,,,,,
438,1,24,Corporate Pension,"2,411.92",2,2,2,103,"Kansas City, MO",,,,,,,,,,,,,,,,
439,,15,Fund of Funds,"26,000.00",2,2,2,49,"London, United Kingdom",,,,,,,,,,,,,,,,
440,2,4,Foundation,253.14,2,1,2,18,"Portland, OR",,,,,,,,,,,,,,,,
441,2,5,Foundation,"8,248.80",2,1,2,8,"Turin, Italy",,,,,,,,,,,,,,,,
442,,,Insurance Company,"9,673.13",2,1,2,78,"Bloomfield, CT",,,,,,,,,,,,,,,,
443,,14,Public Pension Fund,"43,000.00",2,2,2,230,"Hartford, CT",,,,,,,,,,,,,,,,
444,,,Corporate Pension,,2,1,2,3,"London, United Kingdom",,,,,,,,,,,,,,,,
445,2,4,Fund of Funds,"1,024.19",2,1,2,4,"Salt Lake City, UT",,,,,,,,,,,,,,,,
446,2,4,Corporate Pension,"1,122.71",2,2,2,31,"Yardley, PA",,,,,,,,,,,,,,,,
447,2,3,Insurance Company,"1,000.00",2,2,2,3,"Raleigh, NC",,,,,,,,,,,,,,,,
448,2,4,Real Estate Investment Com...,,2,1,2,4,"Chicago, IL",,,,,,,,,,,,,,,,
449,,,Foundation,"7,701.34",2,2,2,4,"Los Altos, CA",,,,,,,,,,,,,,,,
450,2,2,High-net-worth investor,,2,1,2,2,"San Francisco, CA",,,,,,,,,,,,,,,,
451,2,3,Wealth Management Firm,"2,370.77",2,2,2,5,"Montreal, Canada",,,,,,,,,,,,,,,,
452,2,2,Corporate Pension,248.87,2,1,2,10,"Portland, OR",,,,,,,,,,,,,,,,
453,1,4,Public Pension Fund,"1,570.67",2,2,2,40,"Detroit, Ml",,,,,,,,,,,,,,,,
454,2,2,Corporation,"1,099,839.39",2,1,2,3,"Eschborn, Germany",,,,,,,,,,,,,,,,
455,2,6,Family Office (Single),,2,2,2,17,"Scottsdale, AZ.",,,,,,,,,,,,,,,,
456,2,2,Foundation,61.14,2,1,2,6,"Grand Rapids, Ml",,,,,,,,,,,,,,,,
457,2,2,High-net-worth investor,,2,1,2,2,"Malibu, CA",,,,,,,,,,,,,,,,
458,1,5,Corporation,"9,206.00",2,2,2,7,"Midland, Ml",,,,,,,,,,,,,,,,
459,2,2,Direct Investment,"3,096.00",2,2,2,2,"Menlo Park, CA",,,,,,,,,,,,,,,,
460,2,3,Foundation,204.2,2,1,2,40,"Millbrook, NY",,,,,,,,,,,,,,,,
461,,6,Corporate Pension,"1,920.39",2,1,2,109,"Kingsport, TN",,,,,,,,,,,,,,,,
462,,1,Corporate Pension,"2,662.98",2,1,2,90,"Kingsport, TN",,,,,,,,,,,,,,,,
463,,1,Foundation,87.21,2,2,2,14,"Winter Park, FL",,,,,,,,,,,,,,,,
464,2,4,Foundation,,2,2,2,4,,,,,,,,,,,,,,,,,
465,2,3,Corporation,,2,2,2,3,"Palo Alto, CA",,,,,,,,,,,,,,,,
466,2,4,"Economic Development Age,.,","20,522.64",2,2,2,4,"New York, NY",,,,,,,,,,,,,,,,
467,,13,Public Pension Fund,"6,065.65",2,2,2,85,"Darlington, United Kingd...",,,,,,,,,,,,,,,,
468,2,65,Foundation,"2,644.71",2,2,2,145,"Kansas City, MO",,,,,,,,,,,,,,,,
469,2,2,Corporation,"55,441.60",2,1,2,2,"Saint Louis, MO",,,,,,,,,,,,,,,,
470,,,Corporate Pension,52.33,2,1,2,10,"Atlanta, GA",,,,,,,,,,,,,,,,
471,1,6,Government Agency,"1,674.27",2,2,2,8,"Regina, Canada",,,,,,,,,,,,,,,,
472,2,2,Real Estate Investment Com...,,2,1,2,2,"Millburn, NJ",,,,,,,,,,,,,,,,
473,,6,Foundation,99.85,2,2,2,10,"Parker, CO",,,,,,,,,,,,,,,,
474,2,6,Insurance Company,"1,198.65",2,2,2,27,"Chicago, IL",,,,,,,,,,,,,,,,
475,1,7,Foundation,186.4,2,2,2,39,"Phoenix, A.Z",,,,,,,,,,,,,,,,
476,2,2,Fund of Funds,725,2,1,2,2,"Boston, MA",,,,,,,,,,,,,,,,
477,2,2,Foundation,2.72,2,2,2,2,"New York, NY",,,,,,,,,,,,,,,,
478,,,Foundation,656.99,2,2,2,3,"London, United Kingdom",,,,,,,,,,,,,,,,
479,,1,Foundation,76.67,2,1,2,12,"Jackson, WY",,,,,,,,,,,,,,,,
480,2,3,Foundation,585.92,2,1,2,6,"Cleveland, OH",,,,,,,,,,,,,,,,
481,1,5,Foundation,184.38,2,2,2,17,"Denver, CO",,,,,,,,,,,,,,,,
482,2,2,Direct Investment,,2,2,2,2,"Menlo Park, CA",,,,,,,,,,,,,,,,
483,2,2,High-net-worth investor,,2,1,2,2,"Toronto, Canada",,,,,,,,,,,,,,,,
484,1,,Government Agency,,2,2,2,3,"Luxembourg, Luxembourg",,,,,,,,,,,,,,,,
485,2,4,Insurance Company,"8,346.45",2,1,2,29,"Cincinnati, OH",,,,,,,,,,,,,,,,
486,2,7,Insurance Company,"33,756.76",2,2,2,29,"Cincinnati, OH",,,,,,,,,,,,,,,,
487,2,3,Direct Investment,"3,500.00",2,2,2,3,"Menlo Park, CA",,,,,,,,,,,,,,,,
488,,7,Corporate Pension,"2,814.28",2,2,2,106,"San Antonio, TX",,,,,,,,,,,,,,,,
489,2,3,Endowment,285.51,2,2,2,3,"Hampton, VA",,,,,,,,,,,,,,,,
490,,7,Insurance Company,"10,881.63",2,1,2,92,"Hartford, CT",,,,,,,,,,,,,,,,
491,,4,Insurance Company,"10,491.12",2,1,2,89,"Hartford, CT",,,,,,,,,,,,,,,,
492,2,3,High-net-worth investor,"1,200.00",2,1,2,3,"Mumbai, India",,,,,,,,,,,,,,,,
493,,1,Foundation,160.31,2,1,2,6,"Detroit, Ml",,,,,,,,,,,,,,,,
494,2,18,Foundation,"1,504.47",2,2,2,83,"Pittsburgh, PA",,,,,,,,,,,,,,,,
495,2,3,High-net-worth investor,,2,2,2,3,"New York, NY",,,,,,,,,,,,,,,,
496,2,2,High-net-worth investor,,2,1,2,2,"Pacific Palisades, CA",,,,,,,,,,,,,,,,
497,2,2,Corporation,"16,496.50",2,1,2,2,"London, United Kingdom",,,,,,,,,,,,,,,,
498,,,Foundation,13.27,2,2,2,3,"Leiden, Netherlands",,,,,,,,,,,,,,,,
499,,37,Public Pension Fund,"17,128.92",2,2,2,237,"Indianapolis, IN",,,,,,,,,,,,,,,,
500,2,12,Fund of Funds,"5,000.00",2,2,2,12,"San Francisco, CA",,,,,,,,,,,,,,,,
501,2,4,Direct Investment,,2,2,2,8,"Leatherhead, United Kin...",,,,,,,,,,,,,,,,
502,2,2,Corporation,634.9,2,1,2,2,"Houston, TX",,,,,,,,,,,,,,,,
503,,8,Fund of Funds,"12,000.00",2,2,2,122,"Copenhagen, Denmark",,,,,,,,,,,,,,,,
504,2,2,Foundation,220.25,2,2,2,2,"Cincinnati, OH",,,,,,,,,,,,,,,,
505,2,6,Foundation,86.87,2,1,2,30,"San Francisco, CA",,,,,,,,,,,,,,,,
506,,5,Foundation,35.97,2,1,2,14,"Los Altos, CA",,,,,,,,,,,,,,,,
507,2,3,Foundation,7.74,2,2,2,3,"Pittsburgh, PA",,,,,,,,,,,,,,,,
508,,,Economic Development Age...,"2,671.18",2,1,2,4,"Tokyo, Japan",,,,,,,,,,,,,,,,
509,2,8,Corporation,,2,2,2,9,"Chiyoda·ku, Japan",,,,,,,,,,,,,,,,
510,2,2,High-net-worth investor,,2,1,2,2,"Washington, DC",,,,,,,,,,,,,,,,
511,2,2,High-net-worth investor,,2,1,2,2,"Minneapolis, MN",,,,,,,,,,,,,,,,
512,2,7,Foundation,52.31,2,2,2,11,"New York, NY",,,,,,,,,,,,,,,,
513,2,2,High-net-worth investor,,2,1,2,2,"Los Angeles, CA",,,,,,,,,,,,,,,,
514,2,2,Real Estate Investment Com...,100,2,1,2,2,"San Francisco, CA",,,,,,,,,,,,,,,,
515,2,12,Corporate Pension,2.43,2,2,2,25,"Lake City, fl",,,,,,,,,,,,,,,,
516,1,2,Foundation,46.98,2,2,2,9,"New York, NY",,,,,,,,,,,,,,,,
517,,17,Money Management Firm,"2,700,000.00",2,2,2,81,"Kansas City, MO",,,,,,,,,,,,,,,,
518,,22,Fund of Funds,149.81,2,1,4,123,"Saint Peter Port, United ..,",,,,,,,,,,,,,,,,
519,1,5,Money Management Firm,"3,100,000.00",2,2,2,20,"New York, NY",,,,,,,,,,,,,,,,
520,2,3,Corporation,"3,360.00",2,1,2,3,"Tokyo, Japan",,,,,,,,,,,,,,,,
521,2,2,Direct Investment,500,2,2,2,3,"Oakland, CA",,,,,,,,,,,,,,,,
522,2,4,Foundation,89.9,2,1,2,7,"Latrobe, PA",,,,,,,,,,,,,,,,
523,,,Corporate Pension,"9,849.69",2,1,2,27,"Maidstone, United Kingd...",,,,,,,,,,,,,,,,
524,2,2,High-net-worth investor,75,2,2,2,2,"Oakland, CA",,,,,,,,,,,,,,,,
525,,13,Banking Institution,"617,889.77",2,2,2,33,"Frankfurt, Germany",,,,,,,,,,,,,,,,
526,2,51,Insurance Company,"80,000.00",2,2,2,159,"Oslo, Norway",,,,,,,,,,,,,,,,
527,2,10,Fund of Funds,76.99,2,1,2,10,"Rotterdam, Netherlands",,,,,,,,,,,,,,,,
528,2,3,Family Office (Multi),,2,2,2,3,"Madison, WI",,,,,,,,,,,,,,,,
529,2,4,Fund of Funds,"1,000.00",2,1,2,4,"Palo Alto, CA",,,,,,,,,,,,,,,,
530,,,Insurance Company,"7,596.02",2,1,2,71,"Philadelphia, PA",,,,,,,,,,,,,,,,
531,,14,Public Pension Fund,"9,042.93",2,2,2,149,"London, United Kingdom",,,,,,,,,,,,,,,,
532,2,17,Public Pension Fund,"13,900.00",2,1,2,145,"Baton Rouge, LA",,,,,,,,,,,,,,,,
533,2,3,Other limited Partner,,2,1,2,3,"San Francisco, CA",,,,,,,,,,,,,,,,
534,2,6,Foundation,235.3,2,2,2,51,"Chattanooga, TN",,,,,,,,,,,,,,,,
535,2,7,Insurance Company,"26,396.15",2,1,2,74,"Helsinki, Finland",,,,,,,,,,,,,,,,
536,2,7,High-net-worth investor,"1,600.00",2,2,2,7,"Atherton, CA",,,,,,,,,,,,,,,,
537,,2,Foundation,51.08,2,1,2,29,"Topeka, KS",,,,,,,,,,,,,,,,
538,2,2,High-net-worth investor,,2,1,2,2,"Laguna Beach, CA",,,,,,,,,,,,,,,,
539,,8,Corporate Pension,"4,450.80",2,1,2,83,"Hoboken, NJ",,,,,,,,,,,,,,,,
540,,7,Corporate Pension,"4,691.68",2,1,2,94,"Hoboken, NJ",,,,,,,,,,,,,,,,
541,2,3,Corporation,"19,900.00",2,2,2,4,"Abu Dhabi, United Arab ...",,,,,,,,,,,,,,,,
542,2,116,Corporate Pension,"10,703.85",2,2,2,370,"Rochester, MN",,,,,,,,,,,,,,,,
543,2,5,Insurance Company,"2,611.64",2,2,2,6,"Cleveland, OH",,,,,,,,,,,,,,,,
544,2,3,Corporation,"10,817.00",2,2,2,3,"Minneapolis, MN",,,,,,,,,,,,,,,,
545,,,Other limited Partner,500,2,1,2,2,"Houston, TX",,,,,,,,,,,,,,,,
546,2,15,Insurance Company,,2,2,2,116,"Tampa, Fl",,,,,,,,,,,,,,,,
547,2,2,High-net-worth investor,,2,1,2,2,"Beverly Hills, CA",,,,,,,,,,,,,,,,
548,,,Foundation,,2,1,2,2,"New York, NY",,,,,,,,,,,,,,,,
549,,,Other limited Partner,,2,2,2,2,"London, United Kingdom",,,,,,,,,,,,,,,,
550,2,2,Endowment,"1,133.64",2,2,2,3,"Middlebury, VT",,,,,,,,,,,,,,,,
551,2,15,Foundation,191.48,2,1,2,47,"San Francisco, CA",,,,,,,,,,,,,,,,
552,2,8,Corporation,,2,2,2,8,"Tokyo, Japan",,,,,,,,,,,,,,,,
553,2,113,Corporate Pension,"5,674.66",2,2,2,354,"Cambridge, MA",,,,,,,,,,,,,,,,
554,1,41,Corporate Pension,710.95,2,2,2,132,"Cambridge, MA",,,,,,,,,,,,,,,,
555,2,2,Corporation,"82,293.28",2,2,2,2,"Tokyo, Japan",,,,,,,,,,,,,,,,
556,2,3,Banking Institution,"685,622.32",2,2,2,5,"Tokyo, Japan",,,,,,,,,,,,,,,,
557,1,5,Sovereign Wealth Fund,"243,420.00",2,1,2,8,"Abu Dhabi, United Arab ...",,,,,,,,,,,,,,,,
558,,,Banking Institution,"132,000.00",2,1,2,4,"New York, NY",,,,,,,,,,,,,,,,
559,2,4,Public Pension Fund,"1,120.41",2,1,2,23,"Baton Rouge, lA",,,,,,,,,,,,,,,,
560,,,Foundation,"1,677.05",2,1,2,2,"Houston, TX",,,,,,,,,,,,,,,,
561,,5,Corporate Pension,"30,000.00",2,1,2,37,"Omaha, NE",,,,,,,,,,,,,,,,
562,1,20,Public Pension Fund,"3,600.00",2,3,2,134,"Nashville, TN",,,,,,,,,,,,,,,,
563,,24,Union Pension Fund,"3,744.34",2,2,2,133,"landover, MD",,,,,,,,,,,,,,,,
564,1,6,Union Pension Fund,"15,766.25",2,2,2,24,"Rockville, MD",,,,,,,,,,,,,,,,
565,2,35,Union Pension Fund,"28,400.00",2,1,2,116,"Washington, DC",,,,,,,,,,,,,,,,
566,,9,Insurance Company,"16,063.65",2,2,2,146,"New York, NY",,,,,,,,,,,,,,,,
567,2,21,Insurance Company,"27,432.44",2,2,2,142,"Columbus, OH",,,,,,,,,,,,,,,,
568,,,Corporate Pension,,2,1,2,7,"Gatwick, United Kingdom",,,,,,,,,,,,,,,,
569,2,5,Fund of Funds,"460,000.00",2,1,2,41,"New York, NY",,,,,,,,,,,,,,,,
570,2,2,Foundation,32.84,2,2,2,2,"Fredericton, Canada",,,,,,,,,,,,,,,,
571,,,Union Pension Fund,826.78,2,1,2,15,"New York, NY",,,,,,,,,,,,,,,,
572,,25,Union Pension Fund,"4,000.00",2,1,2,184,"Albany, NY",,,,,,,,,,,,,,,,
573,2,2,Economic Development Age...,250,2,2,2,2,"Indianapolis, IN",,,,,,,,,,,,,,,,
574,2,29,Corporate Pension,"3,300.48",2,1,2,152,"Falls Church, VA",,,,,,,,,,,,,,,,
575,,4,Fund of Funds,"11,500.00",2,2,2,25,"Vancouver, Canada",,,,,,,,,,,,,,,,
576,2,19,"Economic Development Age,.,","2,183.29",2,2,2,85,"Oslo, Norway",,,,,,,,,,,,,,,,
577,,,Corporate Pension,48.93,2,1,2,4,"Sioux Falls, SD",,,,,,,,,,,,,,,,
578,2,3,Direct Investment,"4,500.00",2,1,2,3,"Beijing, China",,,,,,,,,,,,,,,,
579,2,12,Fund of Funds,278.75,2,2,2,14,"Auckland, New Zealand",,,,,,,,,,,,,,,,
580,,1,Banking Institution,256.44,2,2,2,13,"Vienna, Austria",,,,,,,,,,,,,,,,
581,1,18,Public Pension Fund,"18,700.00",2,2,2,249,"Columbus, OH",,,,,,,,,,,,,,,,
582,2,24,Public Pension Fund,"113,000.00",2,2,2,269,"Columbus, OH",,,,,,,,,,,,,,,,
583,2,12,Economic Development Age...,10.36,2,2,2,16,"Oklahoma City, OK",,,,,,,,,,,,,,,,
584,2,3,Foundation,169.52,2,1,2,27,"New York, NY",,,,,,,,,,,,,,,,
585,,2,Money Management Firm,"7,000.00",2,2,2,20,"Richmond, VA",,,,,,,,,,,,,,,,
586,,,Banking Institution,"40,000.00",2,1,2,2,"Beverly Hills, CA",,,,,,,,,,,,,,,,
587,2,9,Fund of Funds,"1,912.84",2,1,2,so,"London, United Kingdom",,,,,,,,,,,,,,,,
588,1,8,Fund of Funds,,2,2,2,35,"Chapel Hill, NC",,,,,,,,,,,,,,,,
589,2,72,Corporate Pension,"6,799.69",2,1,2,248,"Somerville, MA",,,,,,,,,,,,,,,,
590,2,6,Foundation,103.72,2,1,2,9,"Golden, CO",,,,,,,,,,,,,,,,
591,2,23,Insurance Company,"7,263.30",2,2,2,43,"Horsham, PA",,,,,,,,,,,,,,,,
592,2,8,Corporate Pension,406.86,2,2,2,8,"Mount Olive, NJ",,,,,,,,,,,,,,,,
593,1,2,Corporate Pension,"4,411.00",2,1,2,77,"White Plains, NY",,,,,,,,,,,,,,,,
594,1,1,Corporation,"11,534.00",2,1,2,3,"Harrison, NY",,,,,,,,,,,,,,,,
595,2,10,Fund of Funds,696.08,2,2,2,11,"Wars.aw, Poland",,,,,,,,,,,,,,,,
596,2,18,Other Limited Partner,"7,300.00",2,2,2,130,"Philadelphia, PA",,,,,,,,,,,,,,,,
597,2,17,Public Pension Fund,"7,262.44",2,2,2,97,"Philadelphia, PA",,,,,,,,,,,,,,,,
598,2,37,Corporate Pension,,2,1,2,68,"Boston, MA",,,,,,,,,,,,,,,,
599,2,9,Banking Institution,"66,000.00",2,2,2,58,"Geneva, Switzerland",,,,,,,,,,,,,,,,
600,2,2,Direct Investment,"3,300.00",2,1,2,2,"Toronto, Canada",,,,,,,,,,,,,,,,
601,,,Corporate Pension,,2,1,2,2,"Hazelwood, MO",,,,,,,,,,,,,,,,
602,1,8,Corporate Pension,"1,809.51",2,2,2,16,"Portland, OR",,,,,,,,,,,,,,,,
603,2,2,Corporate Pension,"1,810.67",2,1,2,2,"Cincinnati, OH",,,,,,,,,,,,,,,,
604,2,4,Wealth Management Firm,,2,1,2,6,"San Francisco, CA",,,,,,,,,,,,,,,,
605,1,22,Public Pension Fund,"12,695.18",2,2,2,213,"Phoenix, A.Z",,,,,,,,,,,,,,,,
606,,,Corporate Pension,"1,171.35",2,2,2,7,"Sanjuan, PR",,,,,,,,,,,,,,,,
607,1,15,Foundation,642.34,2,2,2,154,"Anchorage, AK",,,,,,,,,,,,,,,,
608,2,2,High-net-worth investor,,2,1,2,2,"Bengaluru, India",,,,,,,,,,,,,,,,
609,,,University (Non-Endowment),,2,1,2,5,"Minneapolis, MN",,,,,,,,,,,,,,,,
610,,,Corporate Pension,"1,677.11",2,2,2,15,"Birmingham, AL",,,,,,,,,,,,,,,,
611,2,26,Corporate Pension,"5,981.59",2,2,2,156,"Winston-Salem, NC",,,,,,,,,,,,,,,,
612,2,33,Public Pension Fund,"10,639.30",2,2,2,235,"Providence, RI",,,,,,,,,,,,,,,,
613,1,2,Foundation,72.8,2,1,2,5,"Chicago, IL",,,,,,,,,,,,,,,,
614,2,2,High-net-worth investor,,2,1,2,2,"Los Angeles, CA",,,,,,,,,,,,,,,,
615,2,4,Investment Advisor,"176,710.31",2,1,2,23,"Douglas, United Kingdom",,,,,,,,,,,,,,,,
616,2,2,High-net-worth investor,16.8,2,1,2,2,"Seattle, WA",,,,,,,,,,,,,,,,
617,2,4,High-net-worth investor,"1,500.00",2,2,2,4,"San Francisco, CA",,,,,,,,,,,,,,,,
618,2,2,Direct Investment,,2,2,2,3,"Santa Monica, CA",,,,,,,,,,,,,,,,
619,2,3,Corporate Pension,"1,690.91",2,1,2,9,"Miami, FL",,,,,,,,,,,,,,,,
620,2,4,Family Office (Multi),,2,1,2,4,"Menlo Park, CA",,,,,,,,,,,,,,,,
621,2,2,Insurance Company,"54,107.70",2,1,2,6,"Helsinki, Finland",,,,,,,,,,,,,,,,
622,,4,Public Pension Fund,"4,000.00",2,1,2,149,"San Antonio, TX",,,,,,,,,,,,,,,,
623,3,37,Public Pension Fund,"10,800.00",2,2,3,242,"San Diego, CA",,,,,,,,,,,,,,,,
624,,175,Public Pension Fund,"34,600.00",2,1,2,694,"San Francisco, CA",,,,,,,,,,,,,,,,
625,1,2,Fund of Funds,329.62,2,2,2,12,"Kitchener, Canada",,,,,,,,,,,,,,,,
,,,,,,,,,,,,,,,,,,,,,,,,,
,,,,,,,,,,,,,,,,,,,,,,,,,
,,,,,,,,,,,,,,,,,,,,,,,,,
,,,,,,,,,,,,,,,,,,,,,,,,,
,,,,,,,,,,,,,,,,,,,,,,,,,
,,,,,,,,,,,,,,,,,,,,,,,,,
,,,,,,,,,,,,,,,,,,,,,,,,,
,,,,,,,,,,,,,,,,,,,,,,,,,
,,,,,,,,,,,,,,,,,,,,,,,,,
,,,,,,,,,,,,,,,,,,,,,,,,,
,,,,,,,,,,,,,,,,,,,,,,,,,
,,,,,,,,,,,,,,,,,,,,,,,,,
,,,,,,,,,,,,,,,,,,,,,,,,,
,,,,,,,,,,,,,,,,,,,,,,,,,
,,,,,,,,,,,,,,,,,,,,,,,,,
,,,,,,,,,,,,,,,,,,,,,,,,,
,,,,,,,,,,,,,,,,,,,,,,,,,
,,,,,,,,,,,,,,,,,,,,,,,,,
,,,,,,,,,,,,,,,,,,,,,,,,,
,,,,,,,,,,,,,,,,,,,,,,,,,
,,,,,,,,,,,,,,,,,,,,,,,,,
,,,,,,,,,,,,,,,,,,,,,,,,,
,,,,,,,,,,,,,,,,,,,,,,,,,
,,,,,,,,,,,,,,,,,,,,,,,,,
,,,,,,,,,,,,,,,,,,,,,,,,,
,,,,,,,,,,,,,,,,,,,,,,,,,
,,,,,,,,,,,,,,,,,,,,,,,,,
,,,,,,,,,,,,,,,,,,,,,,,,,
,,,,,,,,,,,,,,,,,,,,,,,,,
,,,,,,,,,,,,,,,,,,,,,,,,,
,,,,,,,,,,,,,,,,,,,,,,,,,
,,,,,,,,,,,,,,,,,,,,,,,,,
,,,,,,,,,,,,,,,,,,,,,,,,,
,,,,,,,,,,,,,,,,,,,,,,,,,
,,,,,,,,,,,,,,,,,,,,,,,,,
,,,,,,,,,,,,,,,,,,,,,,,,,
,,,,,,,,,,,,,,,,,,,,,,,,,
,,,,,,,,,,,,,,,,,,,,,,,,,
,,,,,,,,,,,,,,,,,,,,,,,,,
,,,,,,,,,,,,,,,,,,,,,,,,,
,,,,,,,,,,,,,,,,,,,,,,,,,
,,,,,,,,,,,,,,,,,,,,,,,,,
,,,,,,,,,,,,,,,,,,,,,,,,,
,,,,,,,,,,,,,,,,,,,,,,,,,
,,,,,,,,,,,,,,,,,,,,,,,,,
,,,,,,,,,,,,,,,,,,,,,,,,,
,,,,,,,,,,,,,,,,,,,,,,,,,
,,,,,,,,,,,,,,,,,,,,,,,,,
,,,,,,,,,,,,,,,,,,,,,,,,,
,,,,,,,,,,,,,,,,,,,,,,,,,
,,,,,,,,,,,,,,,,,,,,,,,,,
,,,,,,,,,,,,,,,,,,,,,,,,,
,,,,,,,,,,,,,,,,,,,,,,,,,
,,,,,,,,,,,,,,,,,,,,,,,,,
,,,,,,,,,,,,,,,,,,,,,,,,,
,,,,,,,,,,,,,,,,,,,,,,,,,
,,,,,,,,,,,,,,,,,,,,,,,,,
,,,,,,,,,,,,,,,,,,,,,,,,,
,,,,,,,,,,,,,,,,,,,,,,,,,
,,,,,,,,,,,,,,,,,,,,,,,,,
,,,,,,,,,,,,,,,,,,,,,,,,,
,,,,,,,,,,,,,,,,,,,,,,,,,
,,,,,,,,,,,,,,,,,,,,,,,,,
,,,,,,,,,,,,,,,,,,,,,,,,,
,,,,,,,,,,,,,,,,,,,,,,,,,
,,,,,,,,,,,,,,,,,,,,,,,,,
,,,,,,,,,,,,,,,,,,,,,,,,,
,,,,,,,,,,,,,,,,,,,,,,,,,
,,,,,,,,,,,,,,,,,,,,,,,,,
,,,,,,,,,,,,,,,,,,,,,,,,,
,,,,,,,,,,,,,,,,,,,,,,,,,
,,,,,,,,,,,,,,,,,,,,,,,,,
,,,,,,,,,,,,,,,,,,,,,,,,,
,,,,,,,,,,,,,,,,,,,,,,,,,
,,,,,,,,,,,,,,,,,,,,,,,,,
,,,,,,,,,,,,,,,,,,,,,,,,,
,,,,,,,,,,,,,,,,,,,,,,,,,
,,,,,,,,,,,,,,,,,,,,,,,,,
,,,,,,,,,,,,,,,,,,,,,,,,,
,,,,,,,,,,,,,,,,,,,,,,,,,
,,,,,,,,,,,,,,,,,,,,,,,,,
,,,,,,,,,,,,,,,,,,,,,,,,,
,,,,,,,,,,,,,,,,,,,,,,,,,
,,,,,,,,,,,,,,,,,,,,,,,,,
,,,,,,,,,,,,,,,,,,,,,,,,,
,,,,,,,,,,,,,,,,,,,,,,,,,
,,,,,,,,,,,,,,,,,,,,,,,,,
,,,,,,,,,,,,,,,,,,,,,,,,,
,,,,,,,,,,,,,,,,,,,,,,,,,
,,,,,,,,,,,,,,,,,,,,,,,,,
,,,,,,,,,,,,,,,,,,,,,,,,,
,,,,,,,,,,,,,,,,,,,,,,,,,
,,,,,,,,,,,,,,,,,,,,,,,,,
,,,,,,,,,,,,,,,,,,,,,,,,,
,,,,,,,,,,,,,,,,,,,,,,,,,
,,,,,,,,,,,,,,,,,,,,,,,,,
,,,,,,,,,,,,,,,,,,,,,,,,,
,,,,,,,,,,,,,,,,,,,,,,,,,
,,,,,,,,,,,,,,,,,,,,,,,,,
,,,,,,,,,,,,,,,,,,,,,,,,,
,,,,,,,,,,,,,,,,,,,,,,,,,
,,,,,,,,,,,,,,,,,,,,,,,,,
,,,,,,,,,,,,,,,,,,,,,,,,,
,,,,,,,,,,,,,,,,,,,,,,,,,
,,,,,,,,,,,,,,,,,,,,,,,,,
,,,,,,,,,,,,,,,,,,,,,,,,,
,,,,,,,,,,,,,,,,,,,,,,,,,
,,,,,,,,,,,,,,,,,,,,,,,,,
,,,,,,,,,,,,,,,,,,,,,,,,,
,,,,,,,,,,,,,,,,,,,,,,,,,
,,,,,,,,,,,,,,,,,,,,,,,,,
,,,,,,,,,,,,,,,,,,,,,,,,,
,,,,,,,,,,,,,,,,,,,,,,,,,
,,,,,,,,,,,,,,,,,,,,,,,,,
,,,,,,,,,,,,,,,,,,,,,,,,,
,,,,,,,,,,,,,,,,,,,,,,,,,
,,,,,,,,,,,,,,,,,,,,,,,,,
,,,,,,,,,,,,,,,,,,,,,,,,,
,,,,,,,,,,,,,,,,,,,,,,,,,
,,,,,,,,,,,,,,,,,,,,,,,,,
,,,,,,,,,,,,,,,,,,,,,,,,,
,,,,,,,,,,,,,,,,,,,,,,,,,
,,,,,,,,,,,,,,,,,,,,,,,,,
,,,,,,,,,,,,,,,,,,,,,,,,,
,,,,,,,,,,,,,,,,,,,,,,,,,
,,,,,,,,,,,,,,,,,,,,,,,,,
,,,,,,,,,,,,,,,,,,,,,,,,,
,,,,,,,,,,,,,,,,,,,,,,,,,
,,,,,,,,,,,,,,,,,,,,,,,,,
,,,,,,,,,,,,,,,,,,,,,,,,,
,,,,,,,,,,,,,,,,,,,,,,,,,
,,,,,,,,,,,,,,,,,,,,,,,,,
,,,,,,,,,,,,,,,,,,,,,,,,,
,,,,,,,,,,,,,,,,,,,,,,,,,
,,,,,,,,,,,,,,,,,,,,,,,,,
,,,,,,,,,,,,,,,,,,,,,,,,,
,,,,,,,,,,,,,,,,,,,,,,,,,
,,,,,,,,,,,,,,,,,,,,,,,,,
,,,,,,,,,,,,,,,,,,,,,,,,,
,,,,,,,,,,,,,,,,,,,,,,,,,
,,,,,,,,,,,,,,,,,,,,,,,,,
,,,,,,,,,,,,,,,,,,,,,,,,,
,,,,,,,,,,,,,,,,,,,,,,,,,
,,,,,,,,,,,,,,,,,,,,,,,,,
,,,,,,,,,,,,,,,,,,,,,,,,,
,,,,,,,,,,,,,,,,,,,,,,,,,
,,,,,,,,,,,,,,,,,,,,,,,,,
,,,,,,,,,,,,,,,,,,,,,,,,,
,,,,,,,,,,,,,,,,,,,,,,,,,
,,,,,,,,,,,,,,,,,,,,,,,,,
,,,,,,,,,,,,,,,,,,,,,,,,,
,,,,,,,,,,,,,,,,,,,,,,,,,
,,,,,,,,,,,,,,,,,,,,,,,,,
,,,,,,,,,,,,,,,,,,,,,,,,,
,,,,,,,,,,,,,,,,,,,,,,,,,
,,,,,,,,,,,,,,,,,,,,,,,,,
,,,,,,,,,,,,,,,,,,,,,,,,,
,,,,,,,,,,,,,,,,,,,,,,,,,
,,,,,,,,,,,,,,,,,,,,,,,,,
,,,,,,,,,,,,,,,,,,,,,,,,,
,,,,,,,,,,,,,,,,,,,,,,,,,
,,,,,,,,,,,,,,,,,,,,,,,,,
,,,,,,,,,,,,,,,,,,,,,,,,,
,,,,,,,,,,,,,,,,,,,,,,,,,
,,,,,,,,,,,,,,,,,,,,,,,,,
,,,,,,,,,,,,,,,,,,,,,,,,,
,,,,,,,,,,,,,,,,,,,,,,,,,
,,,,,,,,,,,,,,,,,,,,,,,,,
,,,,,,,,,,,,,,,,,,,,,,,,,
,,,,,,,,,,,,,,,,,,,,,,,,,
,,,,,,,,,,,,,,,,,,,,,,,,,
,,,,,,,,,,,,,,,,,,,,,,,,,
,,,,,,,,,,,,,,,,,,,,,,,,,
,,,,,,,,,,,,,,,,,,,,,,,,,
,,,,,,,,,,,,,,,,,,,,,,,,,
,,,,,,,,,,,,,,,,,,,,,,,,,
,,,,,,,,,,,,,,,,,,,,,,,,,
,,,,,,,,,,,,,,,,,,,,,,,,,
,,,,,,,,,,,,,,,,,,,,,,,,,
,,,,,,,,,,,,,,,,,,,,,,,,,
,,,,,,,,,,,,,,,,,,,,,,,,,
,,,,,,,,,,,,,,,,,,,,,,,,,
,,,,,,,,,,,,,,,,,,,,,,,,,
,,,,,,,,,,,,,,,,,,,,,,,,,
,,,,,,,,,,,,,,,,,,,,,,,,,
,,,,,,,,,,,,,,,,,,,,,,,,,
,,,,,,,,,,,,,,,,,,,,,,,,,
,,,,,,,,,,,,,,,,,,,,,,,,,
,,,,,,,,,,,,,,,,,,,,,,,,,
,,,,,,,,,,,,,,,,,,,,,,,,,
,,,,,,,,,,,,,,,,,,,,,,,,,
,,,,,,,,,,,,,,,,,,,,,,,,,
,,,,,,,,,,,,,,,,,,,,,,,,,
,,,,,,,,,,,,,,,,,,,,,,,,,
,,,,,,,,,,,,,,,,,,,,,,,,,
,,,,,,,,,,,,,,,,,,,,,,,,,
,,,,,,,,,,,,,,,,,,,,,,,,,
,,,,,,,,,,,,,,,,,,,,,,,,,
,,,,,,,,,,,,,,,,,,,,,,,,,
,,,,,,,,,,,,,,,,,,,,,,,,,
,,,,,,,,,,,,,,,,,,,,,,,,,
,,,,,,,,,,,,,,,,,,,,,,,,,
,,,,,,,,,,,,,,,,,,,,,,,,,
,,,,,,,,,,,,,,,,,,,,,,,,,
,,,,,,,,,,,,,,,,,,,,,,,,,
,,,,,,,,,,,,,,,,,,,,,,,,,
,,,,,,,,,,,,,,,,,,,,,,,,,
,,,,,,,,,,,,,,,,,,,,,,,,,
,,,,,,,,,,,,,,,,,,,,,,,,,
,,,,,,,,,,,,,,,,,,,,,,,,,
,,,,,,,,,,,,,,,,,,,,,,,,,
,,,,,,,,,,,,,,,,,,,,,,,,,
,,,,,,,,,,,,,,,,,,,,,,,,,
,,,,,,,,,,,,,,,,,,,,,,,,,
,,,,,,,,,,,,,,,,,,,,,,,,,
,,,,,,,,,,,,,,,,,,,,,,,,,
,,,,,,,,,,,,,,,,,,,,,,,,,
,,,,,,,,,,,,,,,,,,,,,,,,,
,,,,,,,,,,,,,,,,,,,,,,,,,
,,,,,,,,,,,,,,,,,,,,,,,,,
,,,,,,,,,,,,,,,,,,,,,,,,,
,,,,,,,,,,,,,,,,,,,,,,,,,
,,,,,,,,,,,,,,,,,,,,,,,,,
,,,,,,,,,,,,,,,,,,,,,,,,,
,,,,,,,,,,,,,,,,,,,,,,,,,
,,,,,,,,,,,,,,,,,,,,,,,,,
,,,,,,,,,,,,,,,,,,,,,,,,,
,,,,,,,,,,,,,,,,,,,,,,,,,
,,,,,,,,,,,,,,,,,,,,,,,,,
,,,,,,,,,,,,,,,,,,,,,,,,,
,,,,,,,,,,,,,,,,,,,,,,,,,
,,,,,,,,,,,,,,,,,,,,,,,,,
,,,,,,,,,,,,,,,,,,,,,,,,,
,,,,,,,,,,,,,,,,,,,,,,,,,
,,,,,,,,,,,,,,,,,,,,,,,,,
,,,,,,,,,,,,,,,,,,,,,,,,,
,,,,,,,,,,,,,,,,,,,,,,,,,
,,,,,,,,,,,,,,,,,,,,,,,,,
,,,,,,,,,,,,,,,,,,,,,,,,,
,,,,,,,,,,,,,,,,,,,,,,,,,
,,,,,,,,,,,,,,,,,,,,,,,,,
,,,,,,,,,,,,,,,,,,,,,,,,,
,,,,,,,,,,,,,,,,,,,,,,,,,
,,,,,,,,,,,,,,,,,,,,,,,,,
,,,,,,,,,,,,,,,,,,,,,,,,,
,,,,,,,,,,,,,,,,,,,,,,,,,
,,,,,,,,,,,,,,,,,,,,,,,,,
,,,,,,,,,,,,,,,,,,,,,,,,,
,,,,,,,,,,,,,,,,,,,,,,,,,
,,,,,,,,,,,,,,,,,,,,,,,,,
,,,,,,,,,,,,,,,,,,,,,,,,,
,,,,,,,,,,,,,,,,,,,,,,,,,
,,,,,,,,,,,,,,,,,,,,,,,,,
,,,,,,,,,,,,,,,,,,,,,,,,,
,,,,,,,,,,,,,,,,,,,,,,,,,
,,,,,,,,,,,,,,,,,,,,,,,,,
,,,,,,,,,,,,,,,,,,,,,,,,,
,,,,,,,,,,,,,,,,,,,,,,,,,
,,,,,,,,,,,,,,,,,,,,,,,,,
,,,,,,,,,,,,,,,,,,,,,,,,,
,,,,,,,,,,,,,,,,,,,,,,,,,
,,,,,,,,,,,,,,,,,,,,,,,,,
,,,,,,,,,,,,,,,,,,,,,,,,,
,,,,,,,,,,,,,,,,,,,,,,,,,
,,,,,,,,,,,,,,,,,,,,,,,,,
,,,,,,,,,,,,,,,,,,,,,,,,,
,,,,,,,,,,,,,,,,,,,,,,,,,
,,,,,,,,,,,,,,,,,,,,,,,,,
,,,,,,,,,,,,,,,,,,,,,,,,,
,,,,,,,,,,,,,,,,,,,,,,,,,
,,,,,,,,,,,,,,,,,,,,,,,,,
,,,,,,,,,,,,,,,,,,,,,,,,,
,,,,,,,,,,,,,,,,,,,,,,,,,
,,,,,,,,,,,,,,,,,,,,,,,,,
,,,,,,,,,,,,,,,,,,,,,,,,,
,,,,,,,,,,,,,,,,,,,,,,,,,
,,,,,,,,,,,,,,,,,,,,,,,,,
,,,,,,,,,,,,,,,,,,,,,,,,,
,,,,,,,,,,,,,,,,,,,,,,,,,
,,,,,,,,,,,,,,,,,,,,,,,,,
,,,,,,,,,,,,,,,,,,,,,,,,,
,,,,,,,,,,,,,,,,,,,,,,,,,
,,,,,,,,,,,,,,,,,,,,,,,,,
,,,,,,,,,,,,,,,,,,,,,,,,,
,,,,,,,,,,,,,,,,,,,,,,,,,
,,,,,,,,,,,,,,,,,,,,,,,,,
,,,,,,,,,,,,,,,,,,,,,,,,,
,,,,,,,,,,,,,,,,,,,,,,,,,
,,,,,,,,,,,,,,,,,,,,,,,,,
,,,,,,,,,,,,,,,,,,,,,,,,,
,,,,,,,,,,,,,,,,,,,,,,,,,
,,,,,,,,,,,,,,,,,,,,,,,,,
,,,,,,,,,,,,,,,,,,,,,,,,,
,,,,,,,,,,,,,,,,,,,,,,,,,
,,,,,,,,,,,,,,,,,,,,,,,,,
,,,,,,,,,,,,,,,,,,,,,,,,,
,,,,,,,,,,,,,,,,,,,,,,,,,
,,,,,,,,,,,,,,,,,,,,,,,,,
,,,,,,,,,,,,,,,,,,,,,,,,,
,,,,,,,,,,,,,,,,,,,,,,,,,
,,,,,,,,,,,,,,,,,,,,,,,,,
,,,,,,,,,,,,,,,,,,,,,,,,,
,,,,,,,,,,,,,,,,,,,,,,,,,
,,,,,,,,,,,,,,,,,,,,,,,,,
,,,,,,,,,,,,,,,,,,,,,,,,,
,,,,,,,,,,,,,,,,,,,,,,,,,
,,,,,,,,,,,,,,,,,,,,,,,,,
,,,,,,,,,,,,,,,,,,,,,,,,,
,,,,,,,,,,,,,,,,,,,,,,,,,
,,,,,,,,,,,,,,,,,,,,,,,,,
,,,,,,,,,,,,,,,,,,,,,,,,,
,,,,,,,,,,,,,,,,,,,,,,,,,
,,,,,,,,,,,,,,,,,,,,,,,,,
,,,,,,,,,,,,,,,,,,,,,,,,,
,,,,,,,,,,,,,,,,,,,,,,,,,
,,,,,,,,,,,,,,,,,,,,,,,,,
,,,,,,,,,,,,,,,,,,,,,,,,,
,,,,,,,,,,,,,,,,,,,,,,,,,
,,,,,,,,,,,,,,,,,,,,,,,,,
,,,,,,,,,,,,,,,,,,,,,,,,,
,,,,,,,,,,,,,,,,,,,,,,,,,
,,,,,,,,,,,,,,,,,,,,,,,,,
,,,,,,,,,,,,,,,,,,,,,,,,,
,,,,,,,,,,,,,,,,,,,,,,,,,
,,,,,,,,,,,,,,,,,,,,,,,,,
,,,,,,,,,,,,,,,,,,,,,,,,,
,,,,,,,,,,,,,,,,,,,,,,,,,
,,,,,,,,,,,,,,,,,,,,,,,,,
,,,,,,,,,,,,,,,,,,,,,,,,,
,,,,,,,,,,,,,,,,,,,,,,,,,
,,,,,,,,,,,,,,,,,,,,,,,,,
,,,,,,,,,,,,,,,,,,,,,,,,,
,,,,,,,,,,,,,,,,,,,,,,,,,
,,,,,,,,,,,,,,,,,,,,,,,,,
,,,,,,,,,,,,,,,,,,,,,,,,,
,,,,,,,,,,,,,,,,,,,,,,,,,
,,,,,,,,,,,,,,,,,,,,,,,,,
,,,,,,,,,,,,,,,,,,,,,,,,,
,,,,,,,,,,,,,,,,,,,,,,,,,
,,,,,,,,,,,,,,,,,,,,,,,,,
,,,,,,,,,,,,,,,,,,,,,,,,,
,,,,,,,,,,,,,,,,,,,,,,,,,
,,,,,,,,,,,,,,,,,,,,,,,,,
,,,,,,,,,,,,,,,,,,,,,,,,,
,,,,,,,,,,,,,,,,,,,,,,,,,
,,,,,,,,,,,,,,,,,,,,,,,,,
,,,,,,,,,,,,,,,,,,,,,,,,,
,,,,,,,,,,,,,,,,,,,,,,,,,
,,,,,,,,,,,,,,,,,,,,,,,,,
,,,,,,,,,,,,,,,,,,,,,,,,,
,,,,,,,,,,,,,,,,,,,,,,,,,
,,,,,,,,,,,,,,,,,,,,,,,,,
,,,,,,,,,,,,,,,,,,,,,,,,,
,,,,,,,,,,,,,,,,,,,,,,,,,
,,,,,,,,,,,,,,,,,,,,,,,,,
,,,,,,,,,,,,,,,,,,,,,,,,,
,,,,,,,,,,,,,,,,,,,,,,,,,
,,,,,,,,,,,,,,,,,,,,,,,,,
,,,,,,,,,,,,,,,,,,,,,,,,,
,,,,,,,,,,,,,,,,,,,,,,,,,
,,,,,,,,,,,,,,,,,,,,,,,,,
,,,,,,,,,,,,,,,,,,,,,,,,,
,,,,,,,,,,,,,,,,,,,,,,,,,
,,,,,,,,,,,,,,,,,,,,,,,,,
,,,,,,,,,,,,,,,,,,,,,,,,,
,,,,,,,,,,,,,,,,,,,,,,,,,
,,,,,,,,,,,,,,,,,,,,,,,,,
,,,,,,,,,,,,,,,,,,,,,,,,,
,,,,,,,,,,,,,,,,,,,,,,,,,
,,,,,,,,,,,,,,,,,,,,,,,,,
,,,,,,,,,,,,,,,,,,,,,,,,,
,,,,,,,,,,,,,,,,,,,,,,,,,